Artist,Artist_URL,Result
Scott La Rock,https://en.wikipedia.org/wiki/Scott_La_Rock,200
Paul C,https://en.wikipedia.org/wiki/Paul_C,200
D-Boy Rodriguez,https://en.wikipedia.org/wiki/D-Boy_Rodriguez,404
Charizma,https://en.wikipedia.org/wiki/Charizma,200
Stretch,https://en.wikipedia.org/wiki/Stretch,200
Seagram,https://en.wikipedia.org/wiki/Seagram,200
Tupac Shakur,https://en.wikipedia.org/wiki/Tupac_Shakur,200
Yaki Kadafi,https://en.wikipedia.org/wiki/Yaki_Kadafi,200
The Notorious B.I.G.,https://en.wikipedia.org/wiki/The_Notorious_B.I.G.,200
Fat Pat,https://en.wikipedia.org/wiki/Fat_Pat,200
Big L,https://en.wikipedia.org/wiki/Big_L,200
Freaky Tah,https://en.wikipedia.org/wiki/Freaky_Tah,200
Bugz,https://en.wikipedia.org/wiki/Bugz,200
DJ Uncle Al,https://en.wikipedia.org/wiki/DJ_Uncle_Al,200
Jam Master Jay,https://en.wikipedia.org/wiki/Jam_Master_Jay,200
Sabotage,https://en.wikipedia.org/wiki/Sabotage,200
Camoflauge,https://en.wikipedia.org/wiki/Camoflauge,200
Half a Mill,https://en.wikipedia.org/wiki/Half_a_Mill,200
Soulja Slim,https://en.wikipedia.org/wiki/Soulja_Slim,200
Mac Dre,https://en.wikipedia.org/wiki/Mac_Dre,200
Blade Icewood,https://en.wikipedia.org/wiki/Blade_Icewood,200
Proof,https://en.wikipedia.org/wiki/Proof,200
Big Hawk,https://en.wikipedia.org/wiki/Big_Hawk,200
VL Mike,https://en.wikipedia.org/wiki/VL_Mike,200
Dolla,https://en.wikipedia.org/wiki/Dolla,200
Lele,https://en.wikipedia.org/wiki/Lele,200
Magnolia Shorty,https://en.wikipedia.org/wiki/Magnolia_Shorty,200
Bad News Brown,https://en.wikipedia.org/wiki/Bad_News_Brown,200
Adán Zapata,https://en.wikipedia.org/wiki/Adán_Zapata,200
Lil Phat,https://en.wikipedia.org/wiki/Lil_Phat,200
MC Daleste,https://en.wikipedia.org/wiki/MC_Daleste,200
Pavlos Fyssas,https://en.wikipedia.org/wiki/Pavlos_Fyssas,200
Depzman,https://en.wikipedia.org/wiki/Depzman,200
Doe B,https://en.wikipedia.org/wiki/Doe_B,200
The Jacka,https://en.wikipedia.org/wiki/The_Jacka,200
Flabba,https://en.wikipedia.org/wiki/Flabba,200
Chinx Drugz,https://en.wikipedia.org/wiki/Chinx_Drugz,200
Bankroll Fresh,https://en.wikipedia.org/wiki/Bankroll_Fresh,200
3-2,https://en.wikipedia.org/wiki/3-2,200
XXXTentacion,https://en.wikipedia.org/wiki/XXXTentacion,200
Jimmy Wopo,https://en.wikipedia.org/wiki/Jimmy_Wopo,200
Smoke Dawg,https://en.wikipedia.org/wiki/Smoke_Dawg,200
Young Greatness,https://en.wikipedia.org/wiki/Young_Greatness,200
Feis,https://en.wikipedia.org/wiki/Feis,200
Kevin Fret,https://en.wikipedia.org/wiki/Kevin_Fret,200
Nipsey Hussle,https://en.wikipedia.org/wiki/Nipsey_Hussle,200
Pop Smoke,https://en.wikipedia.org/wiki/Pop_Smoke,200
Houdini,https://en.wikipedia.org/wiki/Houdini,200
Huey,https://en.wikipedia.org/wiki/Huey,200
King Von,https://en.wikipedia.org/wiki/King_Von,200
MO3,https://en.wikipedia.org/wiki/MO3,200
16 Shots,https://en.wikipedia.org/wiki/16_Shots,200
18Veno,https://en.wikipedia.org/wiki/18Veno,404
1WayRoserr,https://en.wikipedia.org/wiki/1WayRoserr,404
2Trill,https://en.wikipedia.org/wiki/2Trill,404
22 Neat,https://en.wikipedia.org/wiki/22_Neat,404
2200 Leeko,https://en.wikipedia.org/wiki/2200_Leeko,404
29-E,https://en.wikipedia.org/wiki/29-E,404
2Buck,https://en.wikipedia.org/wiki/2Buck,404
2Mean,https://en.wikipedia.org/wiki/2Mean,404
30 Glizzy ,https://en.wikipedia.org/wiki/30_Glizzy_,404
300K Savi ,https://en.wikipedia.org/wiki/300K_Savi_,404
.38 ,https://en.wikipedia.org/wiki/.38_,200
40 Dash 1,https://en.wikipedia.org/wiki/40_Dash_1,404
40 Stackzz,https://en.wikipedia.org/wiki/40_Stackzz,404
45 Rucci,https://en.wikipedia.org/wiki/45_Rucci,404
47 Mell,https://en.wikipedia.org/wiki/47_Mell,404
4GM Gmanman,https://en.wikipedia.org/wiki/4GM_Gmanman,404
4Orcho,https://en.wikipedia.org/wiki/4Orcho,404
5050,https://en.wikipedia.org/wiki/5050,200
5150 Sosa,https://en.wikipedia.org/wiki/5150_Sosa,404
5th Ward Weebie,https://en.wikipedia.org/wiki/5th_Ward_Weebie,404
6 Dogs,https://en.wikipedia.org/wiki/6_Dogs,404
747,https://en.wikipedia.org/wiki/747,200
757 Gunsmoke,https://en.wikipedia.org/wiki/757_Gunsmoke,404
A,https://en.wikipedia.org/wiki/A,200
A-N-T,https://en.wikipedia.org/wiki/A-N-T,404
A-Twice,https://en.wikipedia.org/wiki/A-Twice,404
A1 Lil Tony,https://en.wikipedia.org/wiki/A1_Lil_Tony,404
AAB Hella Bandz ,https://en.wikipedia.org/wiki/AAB_Hella_Bandz_,404
Aaron Dee,https://en.wikipedia.org/wiki/Aaron_Dee,404
AbK 2uceGrKimKey ,https://en.wikipedia.org/wiki/AbK_2uceGrKimKey_,404
ABK BoBo,https://en.wikipedia.org/wiki/ABK_BoBo,404
ABMOE LilTae,https://en.wikipedia.org/wiki/ABMOE_LilTae,404
Abraham Bojorquez,https://en.wikipedia.org/wiki/Abraham_Bojorquez,404
Abu Mustapha ,https://en.wikipedia.org/wiki/Abu_Mustapha_,404
A.C. Chill  ,https://en.wikipedia.org/wiki/A.C._Chill__,404
Acy,https://en.wikipedia.org/wiki/Acy,200
African Identity,https://en.wikipedia.org/wiki/African_Identity,404
AG ,https://en.wikipedia.org/wiki/AG_,200
AhkDaClicka,https://en.wikipedia.org/wiki/AhkDaClicka,404
Allah Real,https://en.wikipedia.org/wiki/Allah_Real,200
Alias ,https://en.wikipedia.org/wiki/Alias_,200
Alwoo,https://en.wikipedia.org/wiki/Alwoo,404
AMG Fresh,https://en.wikipedia.org/wiki/AMG_Fresh,404
Andre Harrell,https://en.wikipedia.org/wiki/Andre_Harrell,200
Andy Cartwright,https://en.wikipedia.org/wiki/Andy_Cartwright,404
Apache,https://en.wikipedia.org/wiki/Apache,200
Aquarius Woods ,https://en.wikipedia.org/wiki/Aquarius_Woods_,404
Arcani Crosswords,https://en.wikipedia.org/wiki/Arcani_Crosswords,404
Ark Gwalla,https://en.wikipedia.org/wiki/Ark_Gwalla,404
Arves,https://en.wikipedia.org/wiki/Arves,404
A$AP Press ,https://en.wikipedia.org/wiki/A$AP_Press_,404
A$AP Snacks,https://en.wikipedia.org/wiki/A$AP_Snacks,404
A$AP Yams ,https://en.wikipedia.org/wiki/A$AP_Yams_,200
ATM Grinda,https://en.wikipedia.org/wiki/ATM_Grinda,404
Au$tin The PacMan,https://en.wikipedia.org/wiki/Au$tin_The_PacMan,404
Avenue Ront,https://en.wikipedia.org/wiki/Avenue_Ront,404
A.W.O.L.,https://en.wikipedia.org/wiki/A.W.O.L.,200
Aye'Lowe,https://en.wikipedia.org/wiki/Aye'Lowe,404
B,https://en.wikipedia.org/wiki/B,200
B-Brazy/,https://en.wikipedia.org/wiki/B-Brazy/,404
,https://en.wikipedia.org/wiki/,200
B-Dog,https://en.wikipedia.org/wiki/B-Dog,404
B-Wiz,https://en.wikipedia.org/wiki/B-Wiz,404
B4L Trip,https://en.wikipedia.org/wiki/B4L_Trip,404
Baatin ,https://en.wikipedia.org/wiki/Baatin_,200
Baby AHK,https://en.wikipedia.org/wiki/Baby_AHK,404
Baby Boy ,https://en.wikipedia.org/wiki/Baby_Boy_,200
Baby CEO,https://en.wikipedia.org/wiki/Baby_CEO,404
Baby Los,https://en.wikipedia.org/wiki/Baby_Los,404
Baby Loyalty,https://en.wikipedia.org/wiki/Baby_Loyalty,404
Baby Popa Smurf ,https://en.wikipedia.org/wiki/Baby_Popa_Smurf_,404
Baby Smiley,https://en.wikipedia.org/wiki/Baby_Smiley,404
BabyFaceCeo,https://en.wikipedia.org/wiki/BabyFaceCeo,404
Bad Azz,https://en.wikipedia.org/wiki/Bad_Azz,200
Bad News Brown ,https://en.wikipedia.org/wiki/Bad_News_Brown_,200
BaggChaserKez,https://en.wikipedia.org/wiki/BaggChaserKez,404
Baldy ,https://en.wikipedia.org/wiki/Baldy_,200
Bambino Gold,https://en.wikipedia.org/wiki/Bambino_Gold,404
Band Pacino,https://en.wikipedia.org/wiki/Band_Pacino,404
BandGang Jizzle P,https://en.wikipedia.org/wiki/BandGang_Jizzle_P,404
BandGang Paid Will,https://en.wikipedia.org/wiki/BandGang_Paid_Will,404
Bandlife Birdy,https://en.wikipedia.org/wiki/Bandlife_Birdy,404
Bando Bandz,https://en.wikipedia.org/wiki/Bando_Bandz,404
Bando HotHead,https://en.wikipedia.org/wiki/Bando_HotHead,404
BankBoy Gunna,https://en.wikipedia.org/wiki/BankBoy_Gunna,404
Bankboy Wayne,https://en.wikipedia.org/wiki/Bankboy_Wayne,404
Bankroll Fresh,https://en.wikipedia.org/wiki/Bankroll_Fresh,200
Bankroll Gambino,https://en.wikipedia.org/wiki/Bankroll_Gambino,404
Bankroll Keef,https://en.wikipedia.org/wiki/Bankroll_Keef,404
Bankroll MMB,https://en.wikipedia.org/wiki/Bankroll_MMB,404
BankRoll Q,https://en.wikipedia.org/wiki/BankRoll_Q,404
,https://en.wikipedia.org/wiki/,200
BayBay ,https://en.wikipedia.org/wiki/BayBay_,404
Baytown ,https://en.wikipedia.org/wiki/Baytown_,200
BBG BlueBenjiKobe,https://en.wikipedia.org/wiki/BBG_BlueBenjiKobe,404
BCR Meezle,https://en.wikipedia.org/wiki/BCR_Meezle,404
BDK Kevo,https://en.wikipedia.org/wiki/BDK_Kevo,404
Bender,https://en.wikipedia.org/wiki/Bender,200
BG,https://en.wikipedia.org/wiki/BG,200
B.G. Gator ,https://en.wikipedia.org/wiki/B.G._Gator_,404
BG Kenny Lou,https://en.wikipedia.org/wiki/BG_Kenny_Lou,404
BG Scarface ,https://en.wikipedia.org/wiki/BG_Scarface_,404
Bibby,https://en.wikipedia.org/wiki/Bibby,200
Big A ,https://en.wikipedia.org/wiki/Big_A_,200
Big Bad Ace ,https://en.wikipedia.org/wiki/Big_Bad_Ace_,404
Big Bank Hunk,https://en.wikipedia.org/wiki/Big_Bank_Hunk,404
Big Booda,https://en.wikipedia.org/wiki/Big_Booda,404
Big Boss,https://en.wikipedia.org/wiki/Big_Boss,200
Big Buckz Eloo,https://en.wikipedia.org/wiki/Big_Buckz_Eloo,404
Big Cholo,https://en.wikipedia.org/wiki/Big_Cholo,404
Big DS ,https://en.wikipedia.org/wiki/Big_DS_,200
Big Duce,https://en.wikipedia.org/wiki/Big_Duce,404
Big Ed The Assassin ,https://en.wikipedia.org/wiki/Big_Ed_The_Assassin_,404
Big Freaky,https://en.wikipedia.org/wiki/Big_Freaky,404
,https://en.wikipedia.org/wiki/,200
Big Freeze ,https://en.wikipedia.org/wiki/Big_Freeze_,200
Big Hawk,https://en.wikipedia.org/wiki/Big_Hawk,200
,https://en.wikipedia.org/wiki/,200
Big Juice ,https://en.wikipedia.org/wiki/Big_Juice_,200
Big Kap,https://en.wikipedia.org/wiki/Big_Kap,200
Big Krucial,https://en.wikipedia.org/wiki/Big_Krucial,404
Big L ,https://en.wikipedia.org/wiki/Big_L_,200
Big Lonnie ,https://en.wikipedia.org/wiki/Big_Lonnie_,404
Big Lyl,https://en.wikipedia.org/wiki/Big_Lyl,404
Big Mello ,https://en.wikipedia.org/wiki/Big_Mello_,200
Big Moe ,https://en.wikipedia.org/wiki/Big_Moe_,200
Big Pun,https://en.wikipedia.org/wiki/Big_Pun,200
Big Rue ,https://en.wikipedia.org/wiki/Big_Rue_,404
Big Steve ,https://en.wikipedia.org/wiki/Big_Steve_,404
Big Syke,https://en.wikipedia.org/wiki/Big_Syke,200
Big T ,https://en.wikipedia.org/wiki/Big_T_,200
Big-T,https://en.wikipedia.org/wiki/Big-T,404
,https://en.wikipedia.org/wiki/,200
BigBossSavageTinka,https://en.wikipedia.org/wiki/BigBossSavageTinka,404
BigBuckzEloo,https://en.wikipedia.org/wiki/BigBuckzEloo,404
Bigg Jake,https://en.wikipedia.org/wiki/Bigg_Jake,404
Bigga B ,https://en.wikipedia.org/wiki/Bigga_B_,404
Biglo,https://en.wikipedia.org/wiki/Biglo,404
Billboard,https://en.wikipedia.org/wiki/Billboard,200
Billion Dollar BD,https://en.wikipedia.org/wiki/Billion_Dollar_BD,404
Billy Ray Robles,https://en.wikipedia.org/wiki/Billy_Ray_Robles,404
Billy Tha Kidd,https://en.wikipedia.org/wiki/Billy_Tha_Kidd,404
Bird ,https://en.wikipedia.org/wiki/Bird_,200
Bis ,https://en.wikipedia.org/wiki/Bis_,200
Biz Markie,https://en.wikipedia.org/wiki/Biz_Markie,200
Bizzie Gambino,https://en.wikipedia.org/wiki/Bizzie_Gambino,404
BlacOwt,https://en.wikipedia.org/wiki/BlacOwt,404
Black Cop,https://en.wikipedia.org/wiki/Black_Cop,200
Black Rob,https://en.wikipedia.org/wiki/Black_Rob,200
Black Da Runna,https://en.wikipedia.org/wiki/Black_Da_Runna,404
Black Jezuss,https://en.wikipedia.org/wiki/Black_Jezuss,404
Black The Ripper,https://en.wikipedia.org/wiki/Black_The_Ripper,200
Blackie fontana,https://en.wikipedia.org/wiki/Blackie_fontana,404
Blade Icewood,https://en.wikipedia.org/wiki/Blade_Icewood,200
Blaza Da Beat Contractor,https://en.wikipedia.org/wiki/Blaza_Da_Beat_Contractor,404
Bleak Purdy,https://en.wikipedia.org/wiki/Bleak_Purdy,404
Bleeky Billions,https://en.wikipedia.org/wiki/Bleeky_Billions,404
Blenda Boy Boo,https://en.wikipedia.org/wiki/Blenda_Boy_Boo,404
Blessed The MC,https://en.wikipedia.org/wiki/Blessed_The_MC,404
Blitz,https://en.wikipedia.org/wiki/Blitz,200
Blocck Boy,https://en.wikipedia.org/wiki/Blocck_Boy,404
Blockstar Ree,https://en.wikipedia.org/wiki/Blockstar_Ree,404
Blood Money ,https://en.wikipedia.org/wiki/Blood_Money_,200
Bloodshed,https://en.wikipedia.org/wiki/Bloodshed,200
Bloody Mary,https://en.wikipedia.org/wiki/Bloody_Mary,200
Blu Crush,https://en.wikipedia.org/wiki/Blu_Crush,404
Blvd Quick,https://en.wikipedia.org/wiki/Blvd_Quick,404
Bone Skanless,https://en.wikipedia.org/wiki/Bone_Skanless,404
Boog the Bandit,https://en.wikipedia.org/wiki/Boog_the_Bandit,404
Boom ,https://en.wikipedia.org/wiki/Boom_,200
Boonk 82,https://en.wikipedia.org/wiki/Boonk_82,404
Boosa Da Shoota,https://en.wikipedia.org/wiki/Boosa_Da_Shoota,404
Boostin Kev,https://en.wikipedia.org/wiki/Boostin_Kev,404
Bornthurl Leeskie,https://en.wikipedia.org/wiki/Bornthurl_Leeskie,404
Boss Ceejay,https://en.wikipedia.org/wiki/Boss_Ceejay,404
Boss Goon,https://en.wikipedia.org/wiki/Boss_Goon,404
Boss Rell,https://en.wikipedia.org/wiki/Boss_Rell,404
Boss Smooth,https://en.wikipedia.org/wiki/Boss_Smooth,404
BoutaDollarButta,https://en.wikipedia.org/wiki/BoutaDollarButta,404
Box Carlito,https://en.wikipedia.org/wiki/Box_Carlito,404
Brandon Denson,https://en.wikipedia.org/wiki/Brandon_Denson,200
Brandon Mitchell ,https://en.wikipedia.org/wiki/Brandon_Mitchell_,200
BRAX,https://en.wikipedia.org/wiki/BRAX,404
Brian Christopher Smith ,https://en.wikipedia.org/wiki/Brian_Christopher_Smith_,404
Bris,https://en.wikipedia.org/wiki/Bris,200
Brooklyn,https://en.wikipedia.org/wiki/Brooklyn,200
,https://en.wikipedia.org/wiki/,200
BSB Banga,https://en.wikipedia.org/wiki/BSB_Banga,404
BTY Young'N,https://en.wikipedia.org/wiki/BTY_Young'N,404
Bucho,https://en.wikipedia.org/wiki/Bucho,200
Buffy ,https://en.wikipedia.org/wiki/Buffy_,200
Bugz ,https://en.wikipedia.org/wiki/Bugz_,200
Bushwick Bill ,https://en.wikipedia.org/wiki/Bushwick_Bill_,200
Butta B,https://en.wikipedia.org/wiki/Butta_B,404
Bvlly,https://en.wikipedia.org/wiki/Bvlly,200
C,https://en.wikipedia.org/wiki/C,200
C-9,https://en.wikipedia.org/wiki/C-9,200
C-LOC,https://en.wikipedia.org/wiki/C-LOC,404
C-Sick,https://en.wikipedia.org/wiki/C-Sick,200
C Struggs,https://en.wikipedia.org/wiki/C_Struggs,404
C Wit Dat,https://en.wikipedia.org/wiki/C_Wit_Dat,404
Cadet ,https://en.wikipedia.org/wiki/Cadet_,200
Cahron Childs,https://en.wikipedia.org/wiki/Cahron_Childs,404
,https://en.wikipedia.org/wiki/,200
Cal Vin,https://en.wikipedia.org/wiki/Cal_Vin,404
Caleb Sims,https://en.wikipedia.org/wiki/Caleb_Sims,404
Cam Coldheart,https://en.wikipedia.org/wiki/Cam_Coldheart,404
Cameey,https://en.wikipedia.org/wiki/Cameey,404
Camoflauge,https://en.wikipedia.org/wiki/Camoflauge,200
Camu Tao,https://en.wikipedia.org/wiki/Camu_Tao,200
Capital STEEZ ,https://en.wikipedia.org/wiki/Capital_STEEZ_,200
Capo ,https://en.wikipedia.org/wiki/Capo_,200
The Captain,https://en.wikipedia.org/wiki/The_Captain,200
Carlito,https://en.wikipedia.org/wiki/Carlito,200
CAS ,https://en.wikipedia.org/wiki/CAS_,200
Ca$h,https://en.wikipedia.org/wiki/Ca$h,200
Cash Flow ,https://en.wikipedia.org/wiki/Cash_Flow_,200
Castro the Destroyer,https://en.wikipedia.org/wiki/Castro_the_Destroyer,404
Caviar,https://en.wikipedia.org/wiki/Caviar,200
CBE Chelaka,https://en.wikipedia.org/wiki/CBE_Chelaka,404
Ceo Bezzal,https://en.wikipedia.org/wiki/Ceo_Bezzal,404
Ceo Los,https://en.wikipedia.org/wiki/Ceo_Los,404
Chaos Kid ,https://en.wikipedia.org/wiki/Chaos_Kid_,404
Channel 5 Jdub,https://en.wikipedia.org/wiki/Channel_5_Jdub,404
Charizma,https://en.wikipedia.org/wiki/Charizma,200
Chester Bennington ,https://en.wikipedia.org/wiki/Chester_Bennington_,200
Chief Ano,https://en.wikipedia.org/wiki/Chief_Ano,404
Chinx Drugz,https://en.wikipedia.org/wiki/Chinx_Drugz,200
Chip Banks,https://en.wikipedia.org/wiki/Chip_Banks,200
ChocoGB,https://en.wikipedia.org/wiki/ChocoGB,404
Choky,https://en.wikipedia.org/wiki/Choky,404
Choppa T,https://en.wikipedia.org/wiki/Choppa_T,404
"Chris ""Mac Daddy"" Kelly ","https://en.wikipedia.org/wiki/Chris_""Mac_Daddy""_Kelly_",200
Chris Lighty ,https://en.wikipedia.org/wiki/Chris_Lighty_,200
Chrish P,https://en.wikipedia.org/wiki/Chrish_P,404
Christopher Polk,https://en.wikipedia.org/wiki/Christopher_Polk,404
Chuck Taylord,https://en.wikipedia.org/wiki/Chuck_Taylord,404
Chucky Trill,https://en.wikipedia.org/wiki/Chucky_Trill,404
Chynna,https://en.wikipedia.org/wiki/Chynna,200
Chyskillz,https://en.wikipedia.org/wiki/Chyskillz,200
City Stylez,https://en.wikipedia.org/wiki/City_Stylez,404
C'Jaay,https://en.wikipedia.org/wiki/C'Jaay,404
Cloudy Nueve,https://en.wikipedia.org/wiki/Cloudy_Nueve,404
Clyde Bazile Jr. ,https://en.wikipedia.org/wiki/Clyde_Bazile_Jr._,404
CMK Chino,https://en.wikipedia.org/wiki/CMK_Chino,404
Cold Kase,https://en.wikipedia.org/wiki/Cold_Kase,404
Contraband Twu,https://en.wikipedia.org/wiki/Contraband_Twu,404
Cooley03,https://en.wikipedia.org/wiki/Cooley03,404
Cornbread ,https://en.wikipedia.org/wiki/Cornbread_,200
Cougnut ,https://en.wikipedia.org/wiki/Cougnut_,200
Cowboy ,https://en.wikipedia.org/wiki/Cowboy_,200
Craig Mack,https://en.wikipedia.org/wiki/Craig_Mack,200
Crazy Lu,https://en.wikipedia.org/wiki/Crazy_Lu,404
CreepyFace ,https://en.wikipedia.org/wiki/CreepyFace_,404
Crip Inch ,https://en.wikipedia.org/wiki/Crip_Inch_,404
Cruddy Ahk,https://en.wikipedia.org/wiki/Cruddy_Ahk,404
Cutty Banks,https://en.wikipedia.org/wiki/Cutty_Banks,404
Cutty Cartel,https://en.wikipedia.org/wiki/Cutty_Cartel,404
D,https://en.wikipedia.org/wiki/D,200
D-Boy Rodriguez,https://en.wikipedia.org/wiki/D-Boy_Rodriguez,404
D-Drew,https://en.wikipedia.org/wiki/D-Drew,404
D-Mack,https://en.wikipedia.org/wiki/D-Mack,404
D-Pac ,https://en.wikipedia.org/wiki/D-Pac_,404
D-Thang ,https://en.wikipedia.org/wiki/D-Thang_,404
D4M Skiano,https://en.wikipedia.org/wiki/D4M_Skiano,404
Da Real Gee Money,https://en.wikipedia.org/wiki/Da_Real_Gee_Money,404
Dai Dai,https://en.wikipedia.org/wiki/Dai_Dai,404
The Dangla,https://en.wikipedia.org/wiki/The_Dangla,404
Darren Robinson ,https://en.wikipedia.org/wiki/Darren_Robinson_,200
Dat Boy Grace,https://en.wikipedia.org/wiki/Dat_Boy_Grace,404
DBG CeJay,https://en.wikipedia.org/wiki/DBG_CeJay,404
DBG Doeskii,https://en.wikipedia.org/wiki/DBG_Doeskii,404
DeBenz,https://en.wikipedia.org/wiki/DeBenz,404
DeckBoi Sneeg,https://en.wikipedia.org/wiki/DeckBoi_Sneeg,404
Dee Dave,https://en.wikipedia.org/wiki/Dee_Dave,404
Dee Lee,https://en.wikipedia.org/wiki/Dee_Lee,404
Deezer D,https://en.wikipedia.org/wiki/Deezer_D,200
Demonbaby GG,https://en.wikipedia.org/wiki/Demonbaby_GG,404
Derek B,https://en.wikipedia.org/wiki/Derek_B,200
Deso Dogg,https://en.wikipedia.org/wiki/Deso_Dogg,200
Desto,https://en.wikipedia.org/wiki/Desto,200
Detsl,https://en.wikipedia.org/wiki/Detsl,200
Dex Osama,https://en.wikipedia.org/wiki/Dex_Osama,404
DG Byrd,https://en.wikipedia.org/wiki/DG_Byrd,404
Dion Stewart ,https://en.wikipedia.org/wiki/Dion_Stewart_,404
Dirty Mike,https://en.wikipedia.org/wiki/Dirty_Mike,200
Dirty Redd,https://en.wikipedia.org/wiki/Dirty_Redd,404
DJ AM,https://en.wikipedia.org/wiki/DJ_AM,200
DJ Black N Mild,https://en.wikipedia.org/wiki/DJ_Black_N_Mild,404
DJ Cameron Paul,https://en.wikipedia.org/wiki/DJ_Cameron_Paul,404
DJ Co V Co ,https://en.wikipedia.org/wiki/DJ_Co_V_Co_,404
DJ Crazy Rak ,https://en.wikipedia.org/wiki/DJ_Crazy_Rak_,404
DJ Crazy Toones,https://en.wikipedia.org/wiki/DJ_Crazy_Toones,200
DJ Daryll C ,https://en.wikipedia.org/wiki/DJ_Daryll_C_,404
DJ Devastate,https://en.wikipedia.org/wiki/DJ_Devastate,404
DJ E-Z Rock ,https://en.wikipedia.org/wiki/DJ_E-Z_Rock_,200
DJ Genius,https://en.wikipedia.org/wiki/DJ_Genius,404
DJ Junebug,https://en.wikipedia.org/wiki/DJ_Junebug,404
DJ Kaos ,https://en.wikipedia.org/wiki/DJ_Kaos_,200
DJ King,https://en.wikipedia.org/wiki/DJ_King,200
DJ Mehdi,https://en.wikipedia.org/wiki/DJ_Mehdi,200
DJ Michael Price ,https://en.wikipedia.org/wiki/DJ_Michael_Price_,404
DJ Nando,https://en.wikipedia.org/wiki/DJ_Nando,404
DJ Official,https://en.wikipedia.org/wiki/DJ_Official,200
DJ Omega Supreme,https://en.wikipedia.org/wiki/DJ_Omega_Supreme,404
DJ Ready Red ,https://en.wikipedia.org/wiki/DJ_Ready_Red_,200
DJ Rob One,https://en.wikipedia.org/wiki/DJ_Rob_One,404
DJ Screw,https://en.wikipedia.org/wiki/DJ_Screw,200
DJ Shay,https://en.wikipedia.org/wiki/DJ_Shay,404
DJ Speakerfoxxx,https://en.wikipedia.org/wiki/DJ_Speakerfoxxx,404
DJ Spinbad,https://en.wikipedia.org/wiki/DJ_Spinbad,200
DJ Subroc ,https://en.wikipedia.org/wiki/DJ_Subroc_,200
DJ Train,https://en.wikipedia.org/wiki/DJ_Train,200
DJ Uncle Al,https://en.wikipedia.org/wiki/DJ_Uncle_Al,200
DJ Wen,https://en.wikipedia.org/wiki/DJ_Wen,404
DMX,https://en.wikipedia.org/wiki/DMX,200
,https://en.wikipedia.org/wiki/,200
D.O. Cannon,https://en.wikipedia.org/wiki/D.O._Cannon,404
Doc Doom,https://en.wikipedia.org/wiki/Doc_Doom,200
Doe B ,https://en.wikipedia.org/wiki/Doe_B_,200
Dolla ,https://en.wikipedia.org/wiki/Dolla_,200
Dominic ,https://en.wikipedia.org/wiki/Dominic_,200
Domo,https://en.wikipedia.org/wiki/Domo,200
Domo Brown,https://en.wikipedia.org/wiki/Domo_Brown,404
Don Bino,https://en.wikipedia.org/wiki/Don_Bino,404
Don Darius ,https://en.wikipedia.org/wiki/Don_Darius_,404
Donkey Cartel ,https://en.wikipedia.org/wiki/Donkey_Cartel_,404
Dolce Drako,https://en.wikipedia.org/wiki/Dolce_Drako,404
Dooda,https://en.wikipedia.org/wiki/Dooda,404
Dooski Tha Man ,https://en.wikipedia.org/wiki/Dooski_Tha_Man_,404
Dopeboy E,https://en.wikipedia.org/wiki/Dopeboy_E,404
DopeBoy YungN,https://en.wikipedia.org/wiki/DopeBoy_YungN,404
Double Crossa,https://en.wikipedia.org/wiki/Double_Crossa,404
Double D,https://en.wikipedia.org/wiki/Double_D,200
Double K,https://en.wikipedia.org/wiki/Double_K,200
Double M,https://en.wikipedia.org/wiki/Double_M,200
Dough Boy,https://en.wikipedia.org/wiki/Dough_Boy,200
Downtown Darrio,https://en.wikipedia.org/wiki/Downtown_Darrio,404
Draco DaDemon,https://en.wikipedia.org/wiki/Draco_DaDemon,404
DTA DooDat,https://en.wikipedia.org/wiki/DTA_DooDat,404
DTrav,https://en.wikipedia.org/wiki/DTrav,404
Dubz,https://en.wikipedia.org/wiki/Dubz,404
Dun D,https://en.wikipedia.org/wiki/Dun_D,404
Duke Boote,https://en.wikipedia.org/wiki/Duke_Boote,404
Duttch Mastah,https://en.wikipedia.org/wiki/Duttch_Mastah,404
dylann angercar,https://en.wikipedia.org/wiki/dylann_angercar,404
E,https://en.wikipedia.org/wiki/E,200
E-Dubble ,https://en.wikipedia.org/wiki/E-Dubble_,200
E-Money Bags,https://en.wikipedia.org/wiki/E-Money_Bags,404
Eazy-E ,https://en.wikipedia.org/wiki/Eazy-E_,200
,https://en.wikipedia.org/wiki/,200
Eazy Tarentino,https://en.wikipedia.org/wiki/Eazy_Tarentino,404
EBN Roo,https://en.wikipedia.org/wiki/EBN_Roo,404
EBoi ,https://en.wikipedia.org/wiki/EBoi_,404
Ecstasy,https://en.wikipedia.org/wiki/Ecstasy,200
,https://en.wikipedia.org/wiki/,200
Edai 600,https://en.wikipedia.org/wiki/Edai_600,404
El Dreamer,https://en.wikipedia.org/wiki/El_Dreamer,404
Element of Music,https://en.wikipedia.org/wiki/Element_of_Music,404
Ello Da Don,https://en.wikipedia.org/wiki/Ello_Da_Don,404
Elmii Problema,https://en.wikipedia.org/wiki/Elmii_Problema,404
Elzo Bandz,https://en.wikipedia.org/wiki/Elzo_Bandz,404
Emanuel Dean ,https://en.wikipedia.org/wiki/Emanuel_Dean_,404
EMG Santana,https://en.wikipedia.org/wiki/EMG_Santana,404
Eno,https://en.wikipedia.org/wiki/Eno,200
Ensayne Wayne,https://en.wikipedia.org/wiki/Ensayne_Wayne,404
Esbe The 6th St. Bully ,https://en.wikipedia.org/wiki/Esbe_The_6th_St._Bully_,404
Everlasting Hitman,https://en.wikipedia.org/wiki/Everlasting_Hitman,404
Extendo Quono,https://en.wikipedia.org/wiki/Extendo_Quono,404
Eyedea ,https://en.wikipedia.org/wiki/Eyedea_,200
F,https://en.wikipedia.org/wiki/F,200
Faisal Mssyeh,https://en.wikipedia.org/wiki/Faisal_Mssyeh,404
FAIYA,https://en.wikipedia.org/wiki/FAIYA,404
Fame Reek,https://en.wikipedia.org/wiki/Fame_Reek,404
FastCash June,https://en.wikipedia.org/wiki/FastCash_June,404
Fat Pat ,https://en.wikipedia.org/wiki/Fat_Pat_,200
Fat Tone ,https://en.wikipedia.org/wiki/Fat_Tone_,404
Fatal Hussein ,https://en.wikipedia.org/wiki/Fatal_Hussein_,200
Fatboi Gwalla Gwalla,https://en.wikipedia.org/wiki/Fatboi_Gwalla_Gwalla,404
Fathead,https://en.wikipedia.org/wiki/Fathead,200
,https://en.wikipedia.org/wiki/,200
Father Lord,https://en.wikipedia.org/wiki/Father_Lord,200
Father Shaheed ,https://en.wikipedia.org/wiki/Father_Shaheed_,200
FBG Brick ,https://en.wikipedia.org/wiki/FBG_Brick_,404
FBG Duck,https://en.wikipedia.org/wiki/FBG_Duck,404
FBG Willie Bo,https://en.wikipedia.org/wiki/FBG_Willie_Bo,404
,https://en.wikipedia.org/wiki/,200
FBP Spazzout,https://en.wikipedia.org/wiki/FBP_Spazzout,404
Febb As Young Mason ,https://en.wikipedia.org/wiki/Febb_As_Young_Mason_,404
Feeb Snow ,https://en.wikipedia.org/wiki/Feeb_Snow_,404
Feis Ecktuh,https://en.wikipedia.org/wiki/Feis_Ecktuh,200
FiF  Money,https://en.wikipedia.org/wiki/FiF__Money,404
Fla.Boi.Tony,https://en.wikipedia.org/wiki/Fla.Boi.Tony,404
Flabba,https://en.wikipedia.org/wiki/Flabba,200
Flatline Nizzy,https://en.wikipedia.org/wiki/Flatline_Nizzy,404
Flexboy BK,https://en.wikipedia.org/wiki/Flexboy_BK,404
Flipside ,https://en.wikipedia.org/wiki/Flipside_,200
Fly City,https://en.wikipedia.org/wiki/Fly_City,404
Fly Tai,https://en.wikipedia.org/wiki/Fly_Tai,404
FlyBoy Zee,https://en.wikipedia.org/wiki/FlyBoy_Zee,404
FMM DBoy,https://en.wikipedia.org/wiki/FMM_DBoy,404
FNG Bart,https://en.wikipedia.org/wiki/FNG_Bart,404
Fo' Clips Eclipse ,https://en.wikipedia.org/wiki/Fo'_Clips_Eclipse_,404
FOA BA,https://en.wikipedia.org/wiki/FOA_BA,404
Foe Wop,https://en.wikipedia.org/wiki/Foe_Wop,404
Fooly Wayne ,https://en.wikipedia.org/wiki/Fooly_Wayne_,404
Fourty4Double0 ,https://en.wikipedia.org/wiki/Fourty4Double0_,404
Foot4Mayor,https://en.wikipedia.org/wiki/Foot4Mayor,404
Frankie BTW,https://en.wikipedia.org/wiki/Frankie_BTW,404
Freako,https://en.wikipedia.org/wiki/Freako,404
Freaky Tah ,https://en.wikipedia.org/wiki/Freaky_Tah_,200
Fred The Godson,https://en.wikipedia.org/wiki/Fred_The_Godson,404
Freddy E,https://en.wikipedia.org/wiki/Freddy_E,404
Fredo Santana  ,https://en.wikipedia.org/wiki/Fredo_Santana__,200
Fresh Kid Ice ,https://en.wikipedia.org/wiki/Fresh_Kid_Ice_,200
Friendshyp,https://en.wikipedia.org/wiki/Friendshyp,404
Frozonee,https://en.wikipedia.org/wiki/Frozonee,404
Frump ,https://en.wikipedia.org/wiki/Frump_,200
FTG Metro,https://en.wikipedia.org/wiki/FTG_Metro,404
Fugi,https://en.wikipedia.org/wiki/Fugi,404
FXXXXY,https://en.wikipedia.org/wiki/FXXXXY,404
G,https://en.wikipedia.org/wiki/G,200
G Baby Brown,https://en.wikipedia.org/wiki/G_Baby_Brown,404
G Nauch Money,https://en.wikipedia.org/wiki/G_Nauch_Money,404
G-Lock,https://en.wikipedia.org/wiki/G-Lock,404
G-Redd ,https://en.wikipedia.org/wiki/G-Redd_,404
G-Rock,https://en.wikipedia.org/wiki/G-Rock,404
G-Sexx ,https://en.wikipedia.org/wiki/G-Sexx_,404
G-Slimm,https://en.wikipedia.org/wiki/G-Slimm,200
G-sta,https://en.wikipedia.org/wiki/G-sta,404
G-Quikk,https://en.wikipedia.org/wiki/G-Quikk,404
Gangstalicious,https://en.wikipedia.org/wiki/Gangstalicious,200
Gangsta P,https://en.wikipedia.org/wiki/Gangsta_P,404
Ganjah K,https://en.wikipedia.org/wiki/Ganjah_K,404
Gash ,https://en.wikipedia.org/wiki/Gash_,200
Gata Cattana,https://en.wikipedia.org/wiki/Gata_Cattana,200
GB,https://en.wikipedia.org/wiki/GB,200
GB Tribuvelli,https://en.wikipedia.org/wiki/GB_Tribuvelli,404
Gee Money,https://en.wikipedia.org/wiki/Gee_Money,200
Geeski,https://en.wikipedia.org/wiki/Geeski,404
General Reezy,https://en.wikipedia.org/wiki/General_Reezy,404
Gemellus,https://en.wikipedia.org/wiki/Gemellus,200
George ''Big Floyd'' Floyd,https://en.wikipedia.org/wiki/George_''Big_Floyd''_Floyd,404
Gert Town Red,https://en.wikipedia.org/wiki/Gert_Town_Red,404
GFz Mill Tick3t,https://en.wikipedia.org/wiki/GFz_Mill_Tick3t,404
Ghost8800,https://en.wikipedia.org/wiki/Ghost8800,404
Ghost Magneto,https://en.wikipedia.org/wiki/Ghost_Magneto,404
Gift of Gab ,https://en.wikipedia.org/wiki/Gift_of_Gab_,200
Glewie Sparccs,https://en.wikipedia.org/wiki/Glewie_Sparccs,404
GlockzupDeezy,https://en.wikipedia.org/wiki/GlockzupDeezy,404
Gman Lul-T,https://en.wikipedia.org/wiki/Gman_Lul-T,404
GMEBE Bandz,https://en.wikipedia.org/wiki/GMEBE_Bandz,404
G.O.D Roxkstar,https://en.wikipedia.org/wiki/G.O.D_Roxkstar,404
The Godfather ,https://en.wikipedia.org/wiki/The_Godfather_,200
Gonzoe,https://en.wikipedia.org/wiki/Gonzoe,200
Goonie Looney,https://en.wikipedia.org/wiki/Goonie_Looney,404
Grace Bandza Samba,https://en.wikipedia.org/wiki/Grace_Bandza_Samba,404
Green Eyes ,https://en.wikipedia.org/wiki/Green_Eyes_,200
The Grench,https://en.wikipedia.org/wiki/The_Grench,404
Grym Reaper ,https://en.wikipedia.org/wiki/Grym_Reaper_,200
Gu Razer,https://en.wikipedia.org/wiki/Gu_Razer,404
Gunsmoke,https://en.wikipedia.org/wiki/Gunsmoke,200
Guru ,https://en.wikipedia.org/wiki/Guru_,200
H,https://en.wikipedia.org/wiki/H,200
Half A Mill,https://en.wikipedia.org/wiki/Half_A_Mill,200
Hard Jarv ,https://en.wikipedia.org/wiki/Hard_Jarv_,404
Hard Ward ,https://en.wikipedia.org/wiki/Hard_Ward_,404
Heavy B6by,https://en.wikipedia.org/wiki/Heavy_B6by,404
Heavy D ,https://en.wikipedia.org/wiki/Heavy_D_,200
HeavycampTD,https://en.wikipedia.org/wiki/HeavycampTD,404
Hell Vell,https://en.wikipedia.org/wiki/Hell_Vell,404
Hella Sketchy,https://en.wikipedia.org/wiki/Hella_Sketchy,404
HiCity Dirt,https://en.wikipedia.org/wiki/HiCity_Dirt,404
Hiismo ,https://en.wikipedia.org/wiki/Hiismo_,404
Hip Hop Pantsula,https://en.wikipedia.org/wiki/Hip_Hop_Pantsula,200
Hitman ,https://en.wikipedia.org/wiki/Hitman_,200
Hollywood Play,https://en.wikipedia.org/wiki/Hollywood_Play,404
Hollywood Will,https://en.wikipedia.org/wiki/Hollywood_Will,404
Homicide,https://en.wikipedia.org/wiki/Homicide,200
Hostyle ,https://en.wikipedia.org/wiki/Hostyle_,200
Hot Boy Ju,https://en.wikipedia.org/wiki/Hot_Boy_Ju,404
Hotrod SKM,https://en.wikipedia.org/wiki/Hotrod_SKM,404
Houdini,https://en.wikipedia.org/wiki/Houdini,200
Huddy 6,https://en.wikipedia.org/wiki/Huddy_6,404
Huey,https://en.wikipedia.org/wiki/Huey,200
Huncho Dinero,https://en.wikipedia.org/wiki/Huncho_Dinero,404
Huncho Reese,https://en.wikipedia.org/wiki/Huncho_Reese,404
Huseyn Derya,https://en.wikipedia.org/wiki/Huseyn_Derya,200
Hussein Fatal ,https://en.wikipedia.org/wiki/Hussein_Fatal_,200
Hustlamade Bugz,https://en.wikipedia.org/wiki/Hustlamade_Bugz,404
HxmeSweetHxme,https://en.wikipedia.org/wiki/HxmeSweetHxme,404
I,https://en.wikipedia.org/wiki/I,200
IBM Montae Cain,https://en.wikipedia.org/wiki/IBM_Montae_Cain,404
Ice B ,https://en.wikipedia.org/wiki/Ice_B_,404
Illsykadic G-Sus ,https://en.wikipedia.org/wiki/Illsykadic_G-Sus_,404
Illy ,https://en.wikipedia.org/wiki/Illy_,200
Indian Red Boy,https://en.wikipedia.org/wiki/Indian_Red_Boy,404
In Rod We Lust,https://en.wikipedia.org/wiki/In_Rod_We_Lust,404
Incognito ,https://en.wikipedia.org/wiki/Incognito_,200
Iron,https://en.wikipedia.org/wiki/Iron,200
Isaiah Micah McKnight,https://en.wikipedia.org/wiki/Isaiah_Micah_McKnight,404
J,https://en.wikipedia.org/wiki/J,200
J Dilla ,https://en.wikipedia.org/wiki/J_Dilla_,200
J. Green,https://en.wikipedia.org/wiki/J._Green,200
J Hood,https://en.wikipedia.org/wiki/J_Hood,200
J. Reed,https://en.wikipedia.org/wiki/J._Reed,404
J-Money ,https://en.wikipedia.org/wiki/J-Money_,200
J-Real,https://en.wikipedia.org/wiki/J-Real,404
J-Uzzle,https://en.wikipedia.org/wiki/J-Uzzle,404
The Jacka,https://en.wikipedia.org/wiki/The_Jacka,200
Jackpot ,https://en.wikipedia.org/wiki/Jackpot_,200
Jackson Turner,https://en.wikipedia.org/wiki/Jackson_Turner,404
Jae High,https://en.wikipedia.org/wiki/Jae_High,404
Jahiant Jahh ,https://en.wikipedia.org/wiki/Jahiant_Jahh_,404
Jalal Mansur Nuriddin ,https://en.wikipedia.org/wiki/Jalal_Mansur_Nuriddin_,200
Jam Master Jay ,https://en.wikipedia.org/wiki/Jam_Master_Jay_,200
Jamo ,https://en.wikipedia.org/wiki/Jamo_,200
Jason ,https://en.wikipedia.org/wiki/Jason_,200
Jax ,https://en.wikipedia.org/wiki/Jax_,200
Jay Hundoz,https://en.wikipedia.org/wiki/Jay_Hundoz,404
Jay Gunz,https://en.wikipedia.org/wiki/Jay_Gunz,404
Jay Prince,https://en.wikipedia.org/wiki/Jay_Prince,404
Jay Sav,https://en.wikipedia.org/wiki/Jay_Sav,404
JayAre,https://en.wikipedia.org/wiki/JayAre,200
,https://en.wikipedia.org/wiki/,200
JayLoud ,https://en.wikipedia.org/wiki/JayLoud_,404
Jayo Sama,https://en.wikipedia.org/wiki/Jayo_Sama,404
JB Money,https://en.wikipedia.org/wiki/JB_Money,404
Jigg Marley,https://en.wikipedia.org/wiki/Jigg_Marley,404
Jigga Wholesale,https://en.wikipedia.org/wiki/Jigga_Wholesale,404
Jim Korthe ,https://en.wikipedia.org/wiki/Jim_Korthe_,200
Jimme Wallstreet,https://en.wikipedia.org/wiki/Jimme_Wallstreet,404
Jimmy O,https://en.wikipedia.org/wiki/Jimmy_O,200
Jimmy Splicer,https://en.wikipedia.org/wiki/Jimmy_Splicer,404
Jimmy Wopo,https://en.wikipedia.org/wiki/Jimmy_Wopo,200
Joe BG,https://en.wikipedia.org/wiki/Joe_BG,404
Joe Boy ,https://en.wikipedia.org/wiki/Joe_Boy_,200
Joey Knoxx,https://en.wikipedia.org/wiki/Joey_Knoxx,404
John Vietnam,https://en.wikipedia.org/wiki/John_Vietnam,404
John Walt/,https://en.wikipedia.org/wiki/John_Walt/,404
,https://en.wikipedia.org/wiki/,200
Johnny Boy Da Prince,https://en.wikipedia.org/wiki/Johnny_Boy_Da_Prince,404
Johnny Ca$h,https://en.wikipedia.org/wiki/Johnny_Ca$h,404
Johnny Ha$h,https://en.wikipedia.org/wiki/Johnny_Ha$h,404
Johnny J,https://en.wikipedia.org/wiki/Johnny_J,200
Jokez,https://en.wikipedia.org/wiki/Jokez,404
Jon James McMurray,https://en.wikipedia.org/wiki/Jon_James_McMurray,200
Joshua Ribera,https://en.wikipedia.org/wiki/Joshua_Ribera,200
JP Tha Mex,https://en.wikipedia.org/wiki/JP_Tha_Mex,404
Juice Boi,https://en.wikipedia.org/wiki/Juice_Boi,404
,https://en.wikipedia.org/wiki/,200
Juice WRLD,https://en.wikipedia.org/wiki/Juice_WRLD,200
JuiceTheGod,https://en.wikipedia.org/wiki/JuiceTheGod,404
Jumpout Squeeze,https://en.wikipedia.org/wiki/Jumpout_Squeeze,404
June OSO,https://en.wikipedia.org/wiki/June_OSO,404
Junebug ,https://en.wikipedia.org/wiki/Junebug_,200
Junior B ,https://en.wikipedia.org/wiki/Junior_B_,200
K,https://en.wikipedia.org/wiki/K,200
K Lion,https://en.wikipedia.org/wiki/K_Lion,404
K-Man,https://en.wikipedia.org/wiki/K-Man,200
K-$Wi$$ ,https://en.wikipedia.org/wiki/K-$Wi$$_,404
K-Syco ,https://en.wikipedia.org/wiki/K-Syco_,404
K-rupt,https://en.wikipedia.org/wiki/K-rupt,200
Kantadda,https://en.wikipedia.org/wiki/Kantadda,404
Kappoo,https://en.wikipedia.org/wiki/Kappoo,404
Kardone,https://en.wikipedia.org/wiki/Kardone,404
Kay-Tone,https://en.wikipedia.org/wiki/Kay-Tone,404
,https://en.wikipedia.org/wiki/,200
KayFrmThaBay,https://en.wikipedia.org/wiki/KayFrmThaBay,404
KayO Redd,https://en.wikipedia.org/wiki/KayO_Redd,200
KB 6ixx,https://en.wikipedia.org/wiki/KB_6ixx,404
KC,https://en.wikipedia.org/wiki/KC,200
KC Redd,https://en.wikipedia.org/wiki/KC_Redd,404
KD,https://en.wikipedia.org/wiki/KD,200
KD Bow ,https://en.wikipedia.org/wiki/KD_Bow_,404
Kealo,https://en.wikipedia.org/wiki/Kealo,404
Keeve,https://en.wikipedia.org/wiki/Keeve,200
Ken Ken ,https://en.wikipedia.org/wiki/Ken_Ken_,200
KENDRO,https://en.wikipedia.org/wiki/KENDRO,404
Kennie  Lu,https://en.wikipedia.org/wiki/Kennie__Lu,404
Kenny Vulcan,https://en.wikipedia.org/wiki/Kenny_Vulcan,404
Kent Won't Stop,https://en.wikipedia.org/wiki/Kent_Won't_Stop,404
Kenyatte Abdur-Rahman ,https://en.wikipedia.org/wiki/Kenyatte_Abdur-Rahman_,404
Ketchy The Great,https://en.wikipedia.org/wiki/Ketchy_The_Great,404
Kev,https://en.wikipedia.org/wiki/Kev,200
,https://en.wikipedia.org/wiki/,200
Kevin Fret,https://en.wikipedia.org/wiki/Kevin_Fret,200
Kevlaar 7,https://en.wikipedia.org/wiki/Kevlaar_7,200
Khaed ,https://en.wikipedia.org/wiki/Khaed_,404
Kiing Shooter,https://en.wikipedia.org/wiki/Kiing_Shooter,200
Killa K ,https://en.wikipedia.org/wiki/Killa_K_,404
Killa Keise,https://en.wikipedia.org/wiki/Killa_Keise,200
Killa Sha,https://en.wikipedia.org/wiki/Killa_Sha,404
Killa Stone ,https://en.wikipedia.org/wiki/Killa_Stone_,404
Killah P,https://en.wikipedia.org/wiki/Killah_P,200
Kilo-G,https://en.wikipedia.org/wiki/Kilo-G,404
King Boom ,https://en.wikipedia.org/wiki/King_Boom_,404
King D Seals ,https://en.wikipedia.org/wiki/King_D_Seals_,404
King Face,https://en.wikipedia.org/wiki/King_Face,404
King Freako ,https://en.wikipedia.org/wiki/King_Freako_,404
King Joe,https://en.wikipedia.org/wiki/King_Joe,200
King Kahali,https://en.wikipedia.org/wiki/King_Kahali,404
King Lou ,https://en.wikipedia.org/wiki/King_Lou_,200
King Reign ,https://en.wikipedia.org/wiki/King_Reign_,404
King Shoota,https://en.wikipedia.org/wiki/King_Shoota,404
King Tut,https://en.wikipedia.org/wiki/King_Tut,200
King Von,https://en.wikipedia.org/wiki/King_Von,200
,https://en.wikipedia.org/wiki/,200
KingMo,https://en.wikipedia.org/wiki/KingMo,404
KJ Balla,https://en.wikipedia.org/wiki/KJ_Balla,200
KL,https://en.wikipedia.org/wiki/KL,200
KL Tha General,https://en.wikipedia.org/wiki/KL_Tha_General,404
KMG The Illustrator ,https://en.wikipedia.org/wiki/KMG_The_Illustrator_,404
Koba Prime,https://en.wikipedia.org/wiki/Koba_Prime,404
Kobe ''Black Bamba'' Bryant ,https://en.wikipedia.org/wiki/Kobe_''Black_Bamba''_Bryant_,404
Konfidence,https://en.wikipedia.org/wiki/Konfidence,404
Koolay ,https://en.wikipedia.org/wiki/Koolay_,404
Koopsta Knicca ,https://en.wikipedia.org/wiki/Koopsta_Knicca_,200
Kowan “Q” Paul,https://en.wikipedia.org/wiki/Kowan_“Q”_Paul,404
Kris Kantai,https://en.wikipedia.org/wiki/Kris_Kantai,404
Kristle ,https://en.wikipedia.org/wiki/Kristle_,404
Krushadelic,https://en.wikipedia.org/wiki/Krushadelic,404
KTS Dre,https://en.wikipedia.org/wiki/KTS_Dre,404
KTS Rio,https://en.wikipedia.org/wiki/KTS_Rio,404
KTS Von,https://en.wikipedia.org/wiki/KTS_Von,404
Kwon Bandz,https://en.wikipedia.org/wiki/Kwon_Bandz,404
Kyle Hoyt,https://en.wikipedia.org/wiki/Kyle_Hoyt,404
L,https://en.wikipedia.org/wiki/L,200
L'A Capone ,https://en.wikipedia.org/wiki/L'A_Capone_,404
L-Dub Workman,https://en.wikipedia.org/wiki/L-Dub_Workman,404
La Banga,https://en.wikipedia.org/wiki/La_Banga,404
Laflare 2X,https://en.wikipedia.org/wiki/Laflare_2X,404
Lampz,https://en.wikipedia.org/wiki/Lampz,404
Lance ,https://en.wikipedia.org/wiki/Lance_,200
Larry Smith,https://en.wikipedia.org/wiki/Larry_Smith,200
The Last Mr. Bigg,https://en.wikipedia.org/wiki/The_Last_Mr._Bigg,404
LB DA BOSS,https://en.wikipedia.org/wiki/LB_DA_BOSS,404
Lee Khan,https://en.wikipedia.org/wiki/Lee_Khan,404
Lele ,https://en.wikipedia.org/wiki/Lele_,200
Lexii Alijai,https://en.wikipedia.org/wiki/Lexii_Alijai,200
Lez,https://en.wikipedia.org/wiki/Lez,200
L.I.F.E.,https://en.wikipedia.org/wiki/L.I.F.E.,200
Lil B'Attriss,https://en.wikipedia.org/wiki/Lil_B'Attriss,404
Lil Bango ,https://en.wikipedia.org/wiki/Lil_Bango_,404
Lil Black,https://en.wikipedia.org/wiki/Lil_Black,404
Lil Bleek,https://en.wikipedia.org/wiki/Lil_Bleek,404
Lil Blu,https://en.wikipedia.org/wiki/Lil_Blu,404
Lil Bo,https://en.wikipedia.org/wiki/Lil_Bo,404
Lil Boo ,https://en.wikipedia.org/wiki/Lil_Boo_,404
Lil Boo ,https://en.wikipedia.org/wiki/Lil_Boo_,404
Lil Boo,https://en.wikipedia.org/wiki/Lil_Boo,404
,https://en.wikipedia.org/wiki/,200
Lil Bout It,https://en.wikipedia.org/wiki/Lil_Bout_It,404
Lil Buzz,https://en.wikipedia.org/wiki/Lil_Buzz,404
Lil Ced,https://en.wikipedia.org/wiki/Lil_Ced,404
Lil Chief ,https://en.wikipedia.org/wiki/Lil_Chief_,404
Lil Corb ,https://en.wikipedia.org/wiki/Lil_Corb_,404
Lil D ,https://en.wikipedia.org/wiki/Lil_D_,404
Lil Dash,https://en.wikipedia.org/wiki/Lil_Dash,404
Lil Derrick,https://en.wikipedia.org/wiki/Lil_Derrick,404
Lil Don,https://en.wikipedia.org/wiki/Lil_Don,404
Lil Duke,https://en.wikipedia.org/wiki/Lil_Duke,200
Lil Flacko,https://en.wikipedia.org/wiki/Lil_Flacko,404
Lil Foreign ,https://en.wikipedia.org/wiki/Lil_Foreign_,404
Lil Frogg,https://en.wikipedia.org/wiki/Lil_Frogg,404
Lil Frost,https://en.wikipedia.org/wiki/Lil_Frost,404
Lil Frostino,https://en.wikipedia.org/wiki/Lil_Frostino,404
Lil G the Great,https://en.wikipedia.org/wiki/Lil_G_the_Great,404
Lil Greg,https://en.wikipedia.org/wiki/Lil_Greg,404
Lil Gus ,https://en.wikipedia.org/wiki/Lil_Gus_,404
Lil Handy,https://en.wikipedia.org/wiki/Lil_Handy,404
Lil Head Cold,https://en.wikipedia.org/wiki/Lil_Head_Cold,404
Lil Heem,https://en.wikipedia.org/wiki/Lil_Heem,404
Lil Hitta,https://en.wikipedia.org/wiki/Lil_Hitta,404
Lil Ivy,https://en.wikipedia.org/wiki/Lil_Ivy,404
Lil Jeff,https://en.wikipedia.org/wiki/Lil_Jeff,404
Lil John,https://en.wikipedia.org/wiki/Lil_John,200
Lil JoJo ,https://en.wikipedia.org/wiki/Lil_JoJo_,404
Lil Jug,https://en.wikipedia.org/wiki/Lil_Jug,404
Lil Kato,https://en.wikipedia.org/wiki/Lil_Kato,404
Lil Kevo 069,https://en.wikipedia.org/wiki/Lil_Kevo_069,404
Lil Laniak 2 ,https://en.wikipedia.org/wiki/Lil_Laniak_2_,404
Lil Levi,https://en.wikipedia.org/wiki/Lil_Levi,404
Lil Loaded,https://en.wikipedia.org/wiki/Lil_Loaded,200
Lil Lonnie,https://en.wikipedia.org/wiki/Lil_Lonnie,404
Lil Mad Eye,https://en.wikipedia.org/wiki/Lil_Mad_Eye,404
Lil Marc ,https://en.wikipedia.org/wiki/Lil_Marc_,404
Lil Meechie,https://en.wikipedia.org/wiki/Lil_Meechie,404
Lil Mell,https://en.wikipedia.org/wiki/Lil_Mell,404
Lil Mister,https://en.wikipedia.org/wiki/Lil_Mister,404
Lil Mitchy Slick,https://en.wikipedia.org/wiki/Lil_Mitchy_Slick,404
Lil Mob,https://en.wikipedia.org/wiki/Lil_Mob,404
Lil Money,https://en.wikipedia.org/wiki/Lil_Money,404
Lil N-Famy,https://en.wikipedia.org/wiki/Lil_N-Famy,404
Lil Neff,https://en.wikipedia.org/wiki/Lil_Neff,404
Lil Nine,https://en.wikipedia.org/wiki/Lil_Nine,404
Lil N9ne Pressure,https://en.wikipedia.org/wiki/Lil_N9ne_Pressure,404
Lil Noop,https://en.wikipedia.org/wiki/Lil_Noop,404
Lil Pat,https://en.wikipedia.org/wiki/Lil_Pat,404
Lil Peep ,https://en.wikipedia.org/wiki/Lil_Peep_,200
Lil Phat,https://en.wikipedia.org/wiki/Lil_Phat,200
Lil Pooh,https://en.wikipedia.org/wiki/Lil_Pooh,404
Lil Ramsey,https://en.wikipedia.org/wiki/Lil_Ramsey,404
Lil Reem,https://en.wikipedia.org/wiki/Lil_Reem,404
Lil Ron,https://en.wikipedia.org/wiki/Lil_Ron,404
Lil Ruckie,https://en.wikipedia.org/wiki/Lil_Ruckie,404
,https://en.wikipedia.org/wiki/,200
Lil Savage ,https://en.wikipedia.org/wiki/Lil_Savage_,404
Lil Scrapp ,https://en.wikipedia.org/wiki/Lil_Scrapp_,404
Lil Skandalaz,https://en.wikipedia.org/wiki/Lil_Skandalaz,404
Lil Sleep,https://en.wikipedia.org/wiki/Lil_Sleep,404
,https://en.wikipedia.org/wiki/,200
Lil Snow,https://en.wikipedia.org/wiki/Lil_Snow,404
Lil Snupe,https://en.wikipedia.org/wiki/Lil_Snupe,200
,https://en.wikipedia.org/wiki/,200
Lil Soc,https://en.wikipedia.org/wiki/Lil_Soc,404
Lil Steve ,https://en.wikipedia.org/wiki/Lil_Steve_,404
Lil Swoop,https://en.wikipedia.org/wiki/Lil_Swoop,404
Lil Tutu,https://en.wikipedia.org/wiki/Lil_Tutu,404
Lil V,https://en.wikipedia.org/wiki/Lil_V,404
Lil Veterano ,https://en.wikipedia.org/wiki/Lil_Veterano_,404
Lil War Baby,https://en.wikipedia.org/wiki/Lil_War_Baby,404
Lil Watts,https://en.wikipedia.org/wiki/Lil_Watts,404
Lil Will,https://en.wikipedia.org/wiki/Lil_Will,404
Lil Yase,https://en.wikipedia.org/wiki/Lil_Yase,404
Lionel D,https://en.wikipedia.org/wiki/Lionel_D,200
Lisa “Left Eye” Lopes ,https://en.wikipedia.org/wiki/Lisa_“Left_Eye”_Lopes_,404
Lodiii Bey,https://en.wikipedia.org/wiki/Lodiii_Bey,404
Lord Infamous ,https://en.wikipedia.org/wiki/Lord_Infamous_,200
Los ,https://en.wikipedia.org/wiki/Los_,200
Louie,https://en.wikipedia.org/wiki/Louie,200
,https://en.wikipedia.org/wiki/,200
Louie Badazz,https://en.wikipedia.org/wiki/Louie_Badazz,404
Louis Robinson,https://en.wikipedia.org/wiki/Louis_Robinson,200
Lovebug Starski,https://en.wikipedia.org/wiki/Lovebug_Starski,200
Luccy 2X,https://en.wikipedia.org/wiki/Luccy_2X,404
Lucky 8 ,https://en.wikipedia.org/wiki/Lucky_8_,404
Lub Bookie,https://en.wikipedia.org/wiki/Lub_Bookie,404
Lud Thumpa,https://en.wikipedia.org/wiki/Lud_Thumpa,404
Lul Jody,https://en.wikipedia.org/wiki/Lul_Jody,404
M,https://en.wikipedia.org/wiki/M,200
M-1 ,https://en.wikipedia.org/wiki/M-1_,200
M-Bone ,https://en.wikipedia.org/wiki/M-Bone_,200
Mac ,https://en.wikipedia.org/wiki/Mac_,200
The Mac ,https://en.wikipedia.org/wiki/The_Mac_,200
Mac-11 ,https://en.wikipedia.org/wiki/Mac-11_,200
Mac Dre ,https://en.wikipedia.org/wiki/Mac_Dre_,200
Mac Miller/,https://en.wikipedia.org/wiki/Mac_Miller/,404
Mac P Dawg ,https://en.wikipedia.org/wiki/Mac_P_Dawg_,404
MachineGun Black,https://en.wikipedia.org/wiki/MachineGun_Black,404
Mad Clip,https://en.wikipedia.org/wiki/Mad_Clip,200
Madzo,https://en.wikipedia.org/wiki/Madzo,404
Magic,https://en.wikipedia.org/wiki/Magic,200
Magnolia Shorty,https://en.wikipedia.org/wiki/Magnolia_Shorty,200
Malcolm McLaren,https://en.wikipedia.org/wiki/Malcolm_McLaren,200
Malik B ,https://en.wikipedia.org/wiki/Malik_B_,200
ManMoo,https://en.wikipedia.org/wiki/ManMoo,404
Markey Fresh,https://en.wikipedia.org/wiki/Markey_Fresh,404
Marley G,https://en.wikipedia.org/wiki/Marley_G,404
Marlo,https://en.wikipedia.org/wiki/Marlo,200
Marlon Brando ,https://en.wikipedia.org/wiki/Marlon_Brando_,200
Marrero Desto,https://en.wikipedia.org/wiki/Marrero_Desto,404
Maspo,https://en.wikipedia.org/wiki/Maspo,404
Master Don,https://en.wikipedia.org/wiki/Master_Don,404
Matthew Dike ,https://en.wikipedia.org/wiki/Matthew_Dike_,404
Maurice Hobbs,https://en.wikipedia.org/wiki/Maurice_Hobbs,404
Mausberg ,https://en.wikipedia.org/wiki/Mausberg_,404
Mazaradi Fox ,https://en.wikipedia.org/wiki/Mazaradi_Fox_,200
MBAM Rara,https://en.wikipedia.org/wiki/MBAM_Rara,404
MC Abay Lattin,https://en.wikipedia.org/wiki/MC_Abay_Lattin,404
,https://en.wikipedia.org/wiki/,200
MC Ant,https://en.wikipedia.org/wiki/MC_Ant,404
MC Bacteria,https://en.wikipedia.org/wiki/MC_Bacteria,404
MC Baretta ,https://en.wikipedia.org/wiki/MC_Baretta_,404
MC Breed ,https://en.wikipedia.org/wiki/MC_Breed_,200
MC Hellrazor ,https://en.wikipedia.org/wiki/MC_Hellrazor_,404
MC Kevin,https://en.wikipedia.org/wiki/MC_Kevin,200
MC Papo ,https://en.wikipedia.org/wiki/MC_Papo_,404
MC Rock,https://en.wikipedia.org/wiki/MC_Rock,404
MC Supreme,https://en.wikipedia.org/wiki/MC_Supreme,404
MC Thick,https://en.wikipedia.org/wiki/MC_Thick,404
MC Trouble,https://en.wikipedia.org/wiki/MC_Trouble,200
MCA,https://en.wikipedia.org/wiki/MCA,200
,https://en.wikipedia.org/wiki/,200
Melly,https://en.wikipedia.org/wiki/Melly,200
,https://en.wikipedia.org/wiki/,200
Mendenhall 2X,https://en.wikipedia.org/wiki/Mendenhall_2X,404
Mexicano 777,https://en.wikipedia.org/wiki/Mexicano_777,200
Mexiko Da Great,https://en.wikipedia.org/wiki/Mexiko_Da_Great,404
MF DOOM,https://en.wikipedia.org/wiki/MF_DOOM,200
MG VAWN,https://en.wikipedia.org/wiki/MG_VAWN,404
Mic Lansky,https://en.wikipedia.org/wiki/Mic_Lansky,404
Mic Raw ,https://en.wikipedia.org/wiki/Mic_Raw_,404
Michael Brock ,https://en.wikipedia.org/wiki/Michael_Brock_,200
Michael Menson,https://en.wikipedia.org/wiki/Michael_Menson,200
"Michael ""Mixxin'"" Moor","https://en.wikipedia.org/wiki/Michael_""Mixxin'""_Moor",404
"Mike ""Dream"" Francisco","https://en.wikipedia.org/wiki/Mike_""Dream""_Francisco",404
MikeyTha$avage,https://en.wikipedia.org/wiki/MikeyTha$avage,404
Mista Snake,https://en.wikipedia.org/wiki/Mista_Snake,404
Mixmaster Spade,https://en.wikipedia.org/wiki/Mixmaster_Spade,200
Mike Darole,https://en.wikipedia.org/wiki/Mike_Darole,404
MMG TB,https://en.wikipedia.org/wiki/MMG_TB,404
Mo3,https://en.wikipedia.org/wiki/Mo3,404
MoMo ,https://en.wikipedia.org/wiki/MoMo_,200
Money Clip-D ,https://en.wikipedia.org/wiki/Money_Clip-D_,404
Money Jay,https://en.wikipedia.org/wiki/Money_Jay,404
Money Made Nia,https://en.wikipedia.org/wiki/Money_Made_Nia,404
Money Mitch,https://en.wikipedia.org/wiki/Money_Mitch,200
Moneyman Lil Sean,https://en.wikipedia.org/wiki/Moneyman_Lil_Sean,404
Monkey Black,https://en.wikipedia.org/wiki/Monkey_Black,200
Monster Mill ,https://en.wikipedia.org/wiki/Monster_Mill_,404
Montana22,https://en.wikipedia.org/wiki/Montana22,404
Monte Wayne,https://en.wikipedia.org/wiki/Monte_Wayne,404
Morsley,https://en.wikipedia.org/wiki/Morsley,404
Mota JR,https://en.wikipedia.org/wiki/Mota_JR,404
Mr. 3-2,https://en.wikipedia.org/wiki/Mr._3-2,404
,https://en.wikipedia.org/wiki/,200
Mr. Blue Ghost,https://en.wikipedia.org/wiki/Mr._Blue_Ghost,404
Mr. Cee ,https://en.wikipedia.org/wiki/Mr._Cee_,200
Mr. Itagaki,https://en.wikipedia.org/wiki/Mr._Itagaki,404
Mr. Ivan,https://en.wikipedia.org/wiki/Mr._Ivan,404
Mr. Magic ,https://en.wikipedia.org/wiki/Mr._Magic_,200
Mr. Sex ,https://en.wikipedia.org/wiki/Mr._Sex_,404
Mr. Sleep,https://en.wikipedia.org/wiki/Mr._Sleep,404
Mr. Yoshie Lokote,https://en.wikipedia.org/wiki/Mr._Yoshie_Lokote,404
Mubu Krump,https://en.wikipedia.org/wiki/Mubu_Krump,404
Mubu Pacman,https://en.wikipedia.org/wiki/Mubu_Pacman,404
MuddyCupBuddy,https://en.wikipedia.org/wiki/MuddyCupBuddy,404
Murda,https://en.wikipedia.org/wiki/Murda,200
Murda Brasi,https://en.wikipedia.org/wiki/Murda_Brasi,404
Murda Marz,https://en.wikipedia.org/wiki/Murda_Marz,404
Muscle Gotti,https://en.wikipedia.org/wiki/Muscle_Gotti,404
N,https://en.wikipedia.org/wiki/N,200
N-Sane,https://en.wikipedia.org/wiki/N-Sane,404
,https://en.wikipedia.org/wiki/,200
Naj Murph,https://en.wikipedia.org/wiki/Naj_Murph,404
Nate Dogg,https://en.wikipedia.org/wiki/Nate_Dogg,200
Natina Reed ,https://en.wikipedia.org/wiki/Natina_Reed_,200
Natrix Dream,https://en.wikipedia.org/wiki/Natrix_Dream,404
Nazty,https://en.wikipedia.org/wiki/Nazty,404
NBA Boosie ,https://en.wikipedia.org/wiki/NBA_Boosie_,404
Nèpal,https://en.wikipedia.org/wiki/Nèpal,404
Nesto the Owner,https://en.wikipedia.org/wiki/Nesto_the_Owner,404
NewMoney Benji,https://en.wikipedia.org/wiki/NewMoney_Benji,404
Nez,https://en.wikipedia.org/wiki/Nez,200
NHS Jay Jay,https://en.wikipedia.org/wiki/NHS_Jay_Jay,404
NG Walkupbaby,https://en.wikipedia.org/wiki/NG_Walkupbaby,404
Nicco Bandz,https://en.wikipedia.org/wiki/Nicco_Bandz,404
Nick Blixky,https://en.wikipedia.org/wiki/Nick_Blixky,404
Nick Breed,https://en.wikipedia.org/wiki/Nick_Breed,404
Nick Scarfo,https://en.wikipedia.org/wiki/Nick_Scarfo,404
N*gga Creep,https://en.wikipedia.org/wiki/N*gga_Creep,404
Nilaja ,https://en.wikipedia.org/wiki/Nilaja_,404
Nina Ross Da Boss,https://en.wikipedia.org/wiki/Nina_Ross_Da_Boss,404
Nipsey Hussle ,https://en.wikipedia.org/wiki/Nipsey_Hussle_,200
No Game ,https://en.wikipedia.org/wiki/No_Game_,200
The Notorious B.I.G./,https://en.wikipedia.org/wiki/The_Notorious_B.I.G./,404
Novaaa Baby,https://en.wikipedia.org/wiki/Novaaa_Baby,404
Nu$$ie,https://en.wikipedia.org/wiki/Nu$$ie,404
Nutt,https://en.wikipedia.org/wiki/Nutt,200
O,https://en.wikipedia.org/wiki/O,200
OBE Noir,https://en.wikipedia.org/wiki/OBE_Noir,404
OBG Evil Curt,https://en.wikipedia.org/wiki/OBG_Evil_Curt,404
O.C. Dre,https://en.wikipedia.org/wiki/O.C._Dre,404
OG Ganxta Ridd ,https://en.wikipedia.org/wiki/OG_Ganxta_Ridd_,404
OG King Davis,https://en.wikipedia.org/wiki/OG_King_Davis,404
O.G Mad Eye ,https://en.wikipedia.org/wiki/O.G_Mad_Eye_,404
OG Man Man,https://en.wikipedia.org/wiki/OG_Man_Man,404
O.G. Michael Green,https://en.wikipedia.org/wiki/O.G._Michael_Green,404
O.G. Nitty,https://en.wikipedia.org/wiki/O.G._Nitty,404
O.G. Style,https://en.wikipedia.org/wiki/O.G._Style,200
OG Triggs,https://en.wikipedia.org/wiki/OG_Triggs,404
OG YD,https://en.wikipedia.org/wiki/OG_YD,404
Ol' Dirty Bastard,https://en.wikipedia.org/wiki/Ol'_Dirty_Bastard,200
/,https://en.wikipedia.org/wiki//,200
,https://en.wikipedia.org/wiki/,200
Olanrewaju Pelepele,https://en.wikipedia.org/wiki/Olanrewaju_Pelepele,404
OMB Bangmann,https://en.wikipedia.org/wiki/OMB_Bangmann,404
OMC Truiee,https://en.wikipedia.org/wiki/OMC_Truiee,404
One Way,https://en.wikipedia.org/wiki/One_Way,200
Optimus Rhyme,https://en.wikipedia.org/wiki/Optimus_Rhyme,200
Osama,https://en.wikipedia.org/wiki/Osama,200
Oski Baby,https://en.wikipedia.org/wiki/Oski_Baby,404
Osumi,https://en.wikipedia.org/wiki/Osumi,200
,https://en.wikipedia.org/wiki/,200
OTF Chino,https://en.wikipedia.org/wiki/OTF_Chino,404
,https://en.wikipedia.org/wiki/,200
OTF DThang,https://en.wikipedia.org/wiki/OTF_DThang,404
,https://en.wikipedia.org/wiki/,200
OTF Nunu,https://en.wikipedia.org/wiki/OTF_Nunu,404
,https://en.wikipedia.org/wiki/,200
OuttaTown Boog,https://en.wikipedia.org/wiki/OuttaTown_Boog,404
P,https://en.wikipedia.org/wiki/P,200
P-Folks,https://en.wikipedia.org/wiki/P-Folks,404
Pac Da Great,https://en.wikipedia.org/wiki/Pac_Da_Great,404
PACkmaN,https://en.wikipedia.org/wiki/PACkmaN,404
Payback ,https://en.wikipedia.org/wiki/Payback_,200
Pacman Baybee,https://en.wikipedia.org/wiki/Pacman_Baybee,404
Pair A Dice,https://en.wikipedia.org/wiki/Pair_A_Dice,404
Pakman Taliban,https://en.wikipedia.org/wiki/Pakman_Taliban,404
Panchas Psycho,https://en.wikipedia.org/wiki/Panchas_Psycho,404
Party Arty,https://en.wikipedia.org/wiki/Party_Arty,404
Party XOX,https://en.wikipedia.org/wiki/Party_XOX,404
Pat Lemon ,https://en.wikipedia.org/wiki/Pat_Lemon_,404
Paul C,https://en.wikipedia.org/wiki/Paul_C,200
Peanut 2 ,https://en.wikipedia.org/wiki/Peanut_2_,404
Peanut Da Don,https://en.wikipedia.org/wiki/Peanut_Da_Don,404
Petey Parker ,https://en.wikipedia.org/wiki/Petey_Parker_,200
PG Krunk,https://en.wikipedia.org/wiki/PG_Krunk,404
Phanelli Deblasio,https://en.wikipedia.org/wiki/Phanelli_Deblasio,404
Phase 2,https://en.wikipedia.org/wiki/Phase_2,200
Phife Dawg ,https://en.wikipedia.org/wiki/Phife_Dawg_,200
Pimp C ,https://en.wikipedia.org/wiki/Pimp_C_,200
Pimp D ,https://en.wikipedia.org/wiki/Pimp_D_,404
Pimp Daddy,https://en.wikipedia.org/wiki/Pimp_Daddy,404
Playalitical,https://en.wikipedia.org/wiki/Playalitical,200
Pluto 2X,https://en.wikipedia.org/wiki/Pluto_2X,404
Polo,https://en.wikipedia.org/wiki/Polo,200
,https://en.wikipedia.org/wiki/,200
Polo Da Don,https://en.wikipedia.org/wiki/Polo_Da_Don,404
Pop Megga,https://en.wikipedia.org/wiki/Pop_Megga,404
Pop Smoke,https://en.wikipedia.org/wiki/Pop_Smoke,200
Popa Wu,https://en.wikipedia.org/wiki/Popa_Wu,200
Poppie,https://en.wikipedia.org/wiki/Poppie,200
Poppy Loco,https://en.wikipedia.org/wiki/Poppy_Loco,404
Pretty Black/,https://en.wikipedia.org/wiki/Pretty_Black/,404
,https://en.wikipedia.org/wiki/,200
Prince Be ,https://en.wikipedia.org/wiki/Prince_Be_,200
Prince Ital Joe,https://en.wikipedia.org/wiki/Prince_Ital_Joe,200
Prince Markie Dee,https://en.wikipedia.org/wiki/Prince_Markie_Dee,200
Princess Loko,https://en.wikipedia.org/wiki/Princess_Loko,404
Prodigy ,https://en.wikipedia.org/wiki/Prodigy_,200
Professor X The Overseer ,https://en.wikipedia.org/wiki/Professor_X_The_Overseer_,200
Proliphic,https://en.wikipedia.org/wiki/Proliphic,404
Proof ,https://en.wikipedia.org/wiki/Proof_,200
PSMG Montana,https://en.wikipedia.org/wiki/PSMG_Montana,404
PTCT Lil Buck,https://en.wikipedia.org/wiki/PTCT_Lil_Buck,404
Pumpkinhead,https://en.wikipedia.org/wiki/Pumpkinhead,200
pvscale,https://en.wikipedia.org/wiki/pvscale,404
Pxpxff ,https://en.wikipedia.org/wiki/Pxpxff_,404
Pyrex Jordan,https://en.wikipedia.org/wiki/Pyrex_Jordan,404
Q,https://en.wikipedia.org/wiki/Q,200
Q Ball ,https://en.wikipedia.org/wiki/Q_Ball_,200
Q-Don,https://en.wikipedia.org/wiki/Q-Don,404
Quan Quan,https://en.wikipedia.org/wiki/Quan_Quan,404
Quise Da Criminal,https://en.wikipedia.org/wiki/Quise_Da_Criminal,404
Qua Louie ,https://en.wikipedia.org/wiki/Qua_Louie_,404
R,https://en.wikipedia.org/wiki/R,200
Rack$ Ray,https://en.wikipedia.org/wiki/Rack$_Ray,404
Rae Rae,https://en.wikipedia.org/wiki/Rae_Rae,404
Ragunz,https://en.wikipedia.org/wiki/Ragunz,404
Rambo,https://en.wikipedia.org/wiki/Rambo,200
Ramboe Slice,https://en.wikipedia.org/wiki/Ramboe_Slice,404
Rammellzee,https://en.wikipedia.org/wiki/Rammellzee,200
The Rapattic,https://en.wikipedia.org/wiki/The_Rapattic,404
Rappin' Granny,https://en.wikipedia.org/wiki/Rappin'_Granny,200
Rappin' Ron ,https://en.wikipedia.org/wiki/Rappin'_Ron_,200
Rapstar,https://en.wikipedia.org/wiki/Rapstar,200
Ras G,https://en.wikipedia.org/wiki/Ras_G,200
Rasta Rozae,https://en.wikipedia.org/wiki/Rasta_Rozae,404
Ratchet Life,https://en.wikipedia.org/wiki/Ratchet_Life,404
Rawlow B,https://en.wikipedia.org/wiki/Rawlow_B,404
Ray Gutta,https://en.wikipedia.org/wiki/Ray_Gutta,404
Ray L. Jasper III ,https://en.wikipedia.org/wiki/Ray_L._Jasper_III_,404
RBC Bugzy,https://en.wikipedia.org/wiki/RBC_Bugzy,404
RBM Lil A,https://en.wikipedia.org/wiki/RBM_Lil_A,404
Rebel Sixx,https://en.wikipedia.org/wiki/Rebel_Sixx,404
Reek Daddy,https://en.wikipedia.org/wiki/Reek_Daddy,200
Rell ,https://en.wikipedia.org/wiki/Rell_,200
Revo Jogisalu ,https://en.wikipedia.org/wiki/Revo_Jogisalu_,200
RichLord,https://en.wikipedia.org/wiki/RichLord,404
Richie Jerk,https://en.wikipedia.org/wiki/Richie_Jerk,404
Robert “Rocky” Ford Jr.,https://en.wikipedia.org/wiki/Robert_“Rocky”_Ford_Jr.,404
Robo the Technician,https://en.wikipedia.org/wiki/Robo_the_Technician,404
Roc Raida,https://en.wikipedia.org/wiki/Roc_Raida,200
,https://en.wikipedia.org/wiki/,200
Rock ,https://en.wikipedia.org/wiki/Rock_,200
Rod K,https://en.wikipedia.org/wiki/Rod_K,404
Rog-A-Rab ,https://en.wikipedia.org/wiki/Rog-A-Rab_,404
Rohz,https://en.wikipedia.org/wiki/Rohz,404
Ron Eazi,https://en.wikipedia.org/wiki/Ron_Eazi,404
Rrari,https://en.wikipedia.org/wiki/Rrari,404
RS ,https://en.wikipedia.org/wiki/RS_,200
Ruck,https://en.wikipedia.org/wiki/Ruck,200
Ruga Johnson,https://en.wikipedia.org/wiki/Ruga_Johnson,404
RunUpRico,https://en.wikipedia.org/wiki/RunUpRico,404
"Ryan ""3Pac"" Harryman","https://en.wikipedia.org/wiki/Ryan_""3Pac""_Harryman",404
Ryan Bowers,https://en.wikipedia.org/wiki/Ryan_Bowers,404
Ryuhei the Man,https://en.wikipedia.org/wiki/Ryuhei_the_Man,404
S,https://en.wikipedia.org/wiki/S,200
Sabby Loc,https://en.wikipedia.org/wiki/Sabby_Loc,404
Sabotage,https://en.wikipedia.org/wiki/Sabotage,200
Saint Dog,https://en.wikipedia.org/wiki/Saint_Dog,200
Sam Vito,https://en.wikipedia.org/wiki/Sam_Vito,404
Samat,https://en.wikipedia.org/wiki/Samat,200
Sandman Badco,https://en.wikipedia.org/wiki/Sandman_Badco,404
Sauce Da Boss,https://en.wikipedia.org/wiki/Sauce_Da_Boss,404
SauxePaxk TB,https://en.wikipedia.org/wiki/SauxePaxk_TB,404
Savo,https://en.wikipedia.org/wiki/Savo,200
Savy G,https://en.wikipedia.org/wiki/Savy_G,404
Saxon Meyer,https://en.wikipedia.org/wiki/Saxon_Meyer,404
Scarfo Da Plug,https://en.wikipedia.org/wiki/Scarfo_Da_Plug,404
Scally Jonesy,https://en.wikipedia.org/wiki/Scally_Jonesy,404
Scepaz,https://en.wikipedia.org/wiki/Scepaz,404
Scientifik,https://en.wikipedia.org/wiki/Scientifik,404
Scott La Rock,https://en.wikipedia.org/wiki/Scott_La_Rock,200
Scudda Cheese,https://en.wikipedia.org/wiki/Scudda_Cheese,404
Seagram,https://en.wikipedia.org/wiki/Seagram,200
Sean Mackk,https://en.wikipedia.org/wiki/Sean_Mackk,404
Sean Price,https://en.wikipedia.org/wiki/Sean_Price,200
Selfmade,https://en.wikipedia.org/wiki/Selfmade,200
SGE Breezy,https://en.wikipedia.org/wiki/SGE_Breezy,404
Shagg O.D Twon,https://en.wikipedia.org/wiki/Shagg_O.D_Twon,404
Sham/,https://en.wikipedia.org/wiki/Sham/,404
Shavish D,https://en.wikipedia.org/wiki/Shavish_D,404
Shawt Mac ,https://en.wikipedia.org/wiki/Shawt_Mac_,404
Shawty Lo,https://en.wikipedia.org/wiki/Shawty_Lo,200
Sheroid ,https://en.wikipedia.org/wiki/Sheroid_,404
Shiloh ,https://en.wikipedia.org/wiki/Shiloh_,200
Shizz Dollah,https://en.wikipedia.org/wiki/Shizz_Dollah,404
Shmur,https://en.wikipedia.org/wiki/Shmur,404
Shock G,https://en.wikipedia.org/wiki/Shock_G,200
,https://en.wikipedia.org/wiki/,200
Shootashellz,https://en.wikipedia.org/wiki/Shootashellz,404
Shoot'em Down Tha Great,https://en.wikipedia.org/wiki/Shoot'em_Down_Tha_Great,404
Short Kidd,https://en.wikipedia.org/wiki/Short_Kidd,404
Shorty ,https://en.wikipedia.org/wiki/Shorty_,200
Silent Pressure,https://en.wikipedia.org/wiki/Silent_Pressure,404
Sinister,https://en.wikipedia.org/wiki/Sinister,200
Sizzlac,https://en.wikipedia.org/wiki/Sizzlac,404
Skee64oz,https://en.wikipedia.org/wiki/Skee64oz,404
Ski ,https://en.wikipedia.org/wiki/Ski_,200
Skoo Boii,https://en.wikipedia.org/wiki/Skoo_Boii,404
Skooly,https://en.wikipedia.org/wiki/Skooly,200
Slang Tounge,https://en.wikipedia.org/wiki/Slang_Tounge,404
Slattgoon,https://en.wikipedia.org/wiki/Slattgoon,404
Sleepy Codeiney,https://en.wikipedia.org/wiki/Sleepy_Codeiney,404
SLG Spazz,https://en.wikipedia.org/wiki/SLG_Spazz,404
Slim Dunkin ,https://en.wikipedia.org/wiki/Slim_Dunkin_,200
Slim Tristian,https://en.wikipedia.org/wiki/Slim_Tristian,404
SlimeyCam,https://en.wikipedia.org/wiki/SlimeyCam,404
Slip Capone,https://en.wikipedia.org/wiki/Slip_Capone,200
Slutty ,https://en.wikipedia.org/wiki/Slutty_,200
Slutty Sonny ,https://en.wikipedia.org/wiki/Slutty_Sonny_,404
Slvmp Cee,https://en.wikipedia.org/wiki/Slvmp_Cee,404
Smacc Turner,https://en.wikipedia.org/wiki/Smacc_Turner,404
Smack Peso,https://en.wikipedia.org/wiki/Smack_Peso,404
Smallz,https://en.wikipedia.org/wiki/Smallz,404
Smoke Dawg ,https://en.wikipedia.org/wiki/Smoke_Dawg_,200
Smylez ,https://en.wikipedia.org/wiki/Smylez_,404
SneakThePiper,https://en.wikipedia.org/wiki/SneakThePiper,404
SnowHadd,https://en.wikipedia.org/wiki/SnowHadd,404
Soldja Hersh,https://en.wikipedia.org/wiki/Soldja_Hersh,404
Solo G ,https://en.wikipedia.org/wiki/Solo_G_,404
SOS Dmann,https://en.wikipedia.org/wiki/SOS_Dmann,404
Sosa Corleone,https://en.wikipedia.org/wiki/Sosa_Corleone,404
Soulja Slim ,https://en.wikipedia.org/wiki/Soulja_Slim_,200
Spaazz2xx,https://en.wikipedia.org/wiki/Spaazz2xx,404
Speaker Knockerz,https://en.wikipedia.org/wiki/Speaker_Knockerz,404
Special One ,https://en.wikipedia.org/wiki/Special_One_,200
Speedy Loc,https://en.wikipedia.org/wiki/Speedy_Loc,404
Spike G,https://en.wikipedia.org/wiki/Spike_G,404
Splash Addict,https://en.wikipedia.org/wiki/Splash_Addict,404
Splashy Roc,https://en.wikipedia.org/wiki/Splashy_Roc,404
Spittage,https://en.wikipedia.org/wiki/Spittage,404
Spyder D,https://en.wikipedia.org/wiki/Spyder_D,200
Stack Bundles ,https://en.wikipedia.org/wiki/Stack_Bundles_,404
Stain Savage,https://en.wikipedia.org/wiki/Stain_Savage,404
Starboy,https://en.wikipedia.org/wiki/Starboy,200
State Trapper,https://en.wikipedia.org/wiki/State_Trapper,404
Static Major,https://en.wikipedia.org/wiki/Static_Major,200
Stello 600,https://en.wikipedia.org/wiki/Stello_600,404
Stenno,https://en.wikipedia.org/wiki/Stenno,404
Steppa J. Groggs ,https://en.wikipedia.org/wiki/Steppa_J._Groggs_,404
Stezo,https://en.wikipedia.org/wiki/Stezo,200
Stitchez,https://en.wikipedia.org/wiki/Stitchez,404
,https://en.wikipedia.org/wiki/,200
Sticky ,https://en.wikipedia.org/wiki/Sticky_,200
Stormin MC ,https://en.wikipedia.org/wiki/Stormin_MC_,200
Stretch ,https://en.wikipedia.org/wiki/Stretch_,200
Sub Tae,https://en.wikipedia.org/wiki/Sub_Tae,404
Succed Phlyguy,https://en.wikipedia.org/wiki/Succed_Phlyguy,404
Sugar Shaft ,https://en.wikipedia.org/wiki/Sugar_Shaft_,404
Suliaman El Hadi ,https://en.wikipedia.org/wiki/Suliaman_El_Hadi_,404
SulleOG,https://en.wikipedia.org/wiki/SulleOG,404
Supa Gates,https://en.wikipedia.org/wiki/Supa_Gates,404
Swagg Huncho,https://en.wikipedia.org/wiki/Swagg_Huncho,404
Sweet Sable,https://en.wikipedia.org/wiki/Sweet_Sable,200
SweetPinkxx,https://en.wikipedia.org/wiki/SweetPinkxx,404
Swipey,https://en.wikipedia.org/wiki/Swipey,404
Swizzino,https://en.wikipedia.org/wiki/Swizzino,404
Syko,https://en.wikipedia.org/wiki/Syko,404
T,https://en.wikipedia.org/wiki/T,200
T Redd,https://en.wikipedia.org/wiki/T_Redd,404
T. Kizer Tha Dummy,https://en.wikipedia.org/wiki/T._Kizer_Tha_Dummy,404
T.Swish,https://en.wikipedia.org/wiki/T.Swish,404
T-Berg ,https://en.wikipedia.org/wiki/T-Berg_,404
T-Gunn,https://en.wikipedia.org/wiki/T-Gunn,404
T.Roy,https://en.wikipedia.org/wiki/T.Roy,404
,https://en.wikipedia.org/wiki/,200
T-Streetz,https://en.wikipedia.org/wiki/T-Streetz,404
,https://en.wikipedia.org/wiki/,200
Taedoe,https://en.wikipedia.org/wiki/Taedoe,404
Tarzan ,https://en.wikipedia.org/wiki/Tarzan_,200
TaTachapo,https://en.wikipedia.org/wiki/TaTachapo,404
TaTopRank,https://en.wikipedia.org/wiki/TaTopRank,404
Tay Da Hardway,https://en.wikipedia.org/wiki/Tay_Da_Hardway,404
,https://en.wikipedia.org/wiki/,200
Tay Way,https://en.wikipedia.org/wiki/Tay_Way,404
Taz,https://en.wikipedia.org/wiki/Taz,200
,https://en.wikipedia.org/wiki/,200
TB,https://en.wikipedia.org/wiki/TB,200
TeamEast Snoop,https://en.wikipedia.org/wiki/TeamEast_Snoop,404
Tech 9,https://en.wikipedia.org/wiki/Tech_9,200
Tee Lee ,https://en.wikipedia.org/wiki/Tee_Lee_,404
Teki,https://en.wikipedia.org/wiki/Teki,404
TerrorRL,https://en.wikipedia.org/wiki/TerrorRL,404
Terry The AKI-06,https://en.wikipedia.org/wiki/Terry_The_AKI-06,404
Testudion,https://en.wikipedia.org/wiki/Testudion,404
Tim Dog,https://en.wikipedia.org/wiki/Tim_Dog,200
TinMan ,https://en.wikipedia.org/wiki/TinMan_,404
Tip Toe,https://en.wikipedia.org/wiki/Tip_Toe,200
TM1Way,https://en.wikipedia.org/wiki/TM1Way,404
TNT ,https://en.wikipedia.org/wiki/TNT_,200
Tokona-X,https://en.wikipedia.org/wiki/Tokona-X,404
Tolly Bandz,https://en.wikipedia.org/wiki/Tolly_Bandz,404
Tombstone,https://en.wikipedia.org/wiki/Tombstone,200
Tony D,https://en.wikipedia.org/wiki/Tony_D,200
Tony Trapz ,https://en.wikipedia.org/wiki/Tony_Trapz_,404
Tony Vegaz,https://en.wikipedia.org/wiki/Tony_Vegaz,404
Too Poetic ,https://en.wikipedia.org/wiki/Too_Poetic_,200
Top Rank Jojo,https://en.wikipedia.org/wiki/Top_Rank_Jojo,404
Toro,https://en.wikipedia.org/wiki/Toro,200
Trae Da Kidd,https://en.wikipedia.org/wiki/Trae_Da_Kidd,404
Trajik ,https://en.wikipedia.org/wiki/Trajik_,404
Trap House,https://en.wikipedia.org/wiki/Trap_House,200
Trapspot,https://en.wikipedia.org/wiki/Trapspot,404
Travvy Trav ,https://en.wikipedia.org/wiki/Travvy_Trav_,404
Tray 57,https://en.wikipedia.org/wiki/Tray_57,404
Tray Savage,https://en.wikipedia.org/wiki/Tray_Savage,404
Tre Koast,https://en.wikipedia.org/wiki/Tre_Koast,404
Tre-8,https://en.wikipedia.org/wiki/Tre-8,404
Treble Treb ,https://en.wikipedia.org/wiki/Treble_Treb_,404
Trello,https://en.wikipedia.org/wiki/Trello,200
Trouble Cho,https://en.wikipedia.org/wiki/Trouble_Cho,404
Trouble T Roy ,https://en.wikipedia.org/wiki/Trouble_T_Roy_,200
TrifeGang Rich,https://en.wikipedia.org/wiki/TrifeGang_Rich,404
Tripple Beanz,https://en.wikipedia.org/wiki/Tripple_Beanz,404
Troubleboy Prince,https://en.wikipedia.org/wiki/Troubleboy_Prince,404
TroubleFam Prophit,https://en.wikipedia.org/wiki/TroubleFam_Prophit,404
Trypps Beatz,https://en.wikipedia.org/wiki/Trypps_Beatz,404
Tsuppa,https://en.wikipedia.org/wiki/Tsuppa,404
Tuck,https://en.wikipedia.org/wiki/Tuck,200
Tuff Da Goon,https://en.wikipedia.org/wiki/Tuff_Da_Goon,404
Tupac Shakur,https://en.wikipedia.org/wiki/Tupac_Shakur,200
,https://en.wikipedia.org/wiki/,200
Turn Me Up Josh,https://en.wikipedia.org/wiki/Turn_Me_Up_Josh,404
Tweedy Bird Loc,https://en.wikipedia.org/wiki/Tweedy_Bird_Loc,200
Twelve A'Klok,https://en.wikipedia.org/wiki/Twelve_A'Klok,404
TWhy,https://en.wikipedia.org/wiki/TWhy,404
Twizzle,https://en.wikipedia.org/wiki/Twizzle,200
TYMB Little,https://en.wikipedia.org/wiki/TYMB_Little,404
Ty,https://en.wikipedia.org/wiki/Ty,200
tyyP,https://en.wikipedia.org/wiki/tyyP,404
U,https://en.wikipedia.org/wiki/U,200
Udeme,https://en.wikipedia.org/wiki/Udeme,404
Ugly Bruh,https://en.wikipedia.org/wiki/Ugly_Bruh,404
Unkle Lord,https://en.wikipedia.org/wiki/Unkle_Lord,404
Uncle Skitz,https://en.wikipedia.org/wiki/Uncle_Skitz,404
Unknown 5iver,https://en.wikipedia.org/wiki/Unknown_5iver,404
,https://en.wikipedia.org/wiki/,200
USG Smallz,https://en.wikipedia.org/wiki/USG_Smallz,404
UTS Felda,https://en.wikipedia.org/wiki/UTS_Felda,404
V,https://en.wikipedia.org/wiki/V,200
V-Ro,https://en.wikipedia.org/wiki/V-Ro,404
Val'Gz,https://en.wikipedia.org/wiki/Val'Gz,404
Vdeligma,https://en.wikipedia.org/wiki/Vdeligma,404
Veeno Gunna,https://en.wikipedia.org/wiki/Veeno_Gunna,404
Vicious ,https://en.wikipedia.org/wiki/Vicious_,200
VilleBoy Ant,https://en.wikipedia.org/wiki/VilleBoy_Ant,404
Viro the Virus,https://en.wikipedia.org/wiki/Viro_the_Virus,200
Vital,https://en.wikipedia.org/wiki/Vital,200
,https://en.wikipedia.org/wiki/,200
VNZA,https://en.wikipedia.org/wiki/VNZA,404
VL Mike ,https://en.wikipedia.org/wiki/VL_Mike_,200
W,https://en.wikipedia.org/wiki/W,200
Wake Self,https://en.wikipedia.org/wiki/Wake_Self,404
Waldo 600,https://en.wikipedia.org/wiki/Waldo_600,404
Wank ,https://en.wikipedia.org/wiki/Wank_,200
Wassi,https://en.wikipedia.org/wiki/Wassi,200
Water Water ,https://en.wikipedia.org/wiki/Water_Water_,200
Watts City Cemo,https://en.wikipedia.org/wiki/Watts_City_Cemo,404
WhoHe,https://en.wikipedia.org/wiki/WhoHe,404
Why-S,https://en.wikipedia.org/wiki/Why-S,404
Wickett Crickett ,https://en.wikipedia.org/wiki/Wickett_Crickett_,404
William Teasley III,https://en.wikipedia.org/wiki/William_Teasley_III,404
WizDaWizard ,https://en.wikipedia.org/wiki/WizDaWizard_,404
Wne,https://en.wikipedia.org/wiki/Wne,404
Wolf Da Boss,https://en.wikipedia.org/wiki/Wolf_Da_Boss,404
Woodie,https://en.wikipedia.org/wiki/Woodie,200
Woodsordeath,https://en.wikipedia.org/wiki/Woodsordeath,404
Woody Wood,https://en.wikipedia.org/wiki/Woody_Wood,404
Wookie ,https://en.wikipedia.org/wiki/Wookie_,200
Wop Fisher,https://en.wikipedia.org/wiki/Wop_Fisher,404
Worm,https://en.wikipedia.org/wiki/Worm,200
X,https://en.wikipedia.org/wiki/X,200
X1 ,https://en.wikipedia.org/wiki/X1_,200
Xploder,https://en.wikipedia.org/wiki/Xploder,200
Xsaddi,https://en.wikipedia.org/wiki/Xsaddi,404
XXXTENTACION,https://en.wikipedia.org/wiki/XXXTENTACION,200
,https://en.wikipedia.org/wiki/,200
Y,https://en.wikipedia.org/wiki/Y,200
Y to the One,https://en.wikipedia.org/wiki/Y_to_the_One,404
Ya Boy H,https://en.wikipedia.org/wiki/Ya_Boy_H,404
Yaki Kadafi ,https://en.wikipedia.org/wiki/Yaki_Kadafi_,200
Yaya White,https://en.wikipedia.org/wiki/Yaya_White,404
Yaygo,https://en.wikipedia.org/wiki/Yaygo,404
YBC Bam,https://en.wikipedia.org/wiki/YBC_Bam,404
YBM Breezy ,https://en.wikipedia.org/wiki/YBM_Breezy_,404
YBN Valley ,https://en.wikipedia.org/wiki/YBN_Valley_,404
YC,https://en.wikipedia.org/wiki/YC,200
YD4SS,https://en.wikipedia.org/wiki/YD4SS,404
Yella ,https://en.wikipedia.org/wiki/Yella_,200
YNC Feezy,https://en.wikipedia.org/wiki/YNC_Feezy,404
YNW Juvy ,https://en.wikipedia.org/wiki/YNW_Juvy_,404
YNW Sakchaser ,https://en.wikipedia.org/wiki/YNW_Sakchaser_,404
Young Ace,https://en.wikipedia.org/wiki/Young_Ace,200
Young Affishal,https://en.wikipedia.org/wiki/Young_Affishal,404
Young Cliff ,https://en.wikipedia.org/wiki/Young_Cliff_,404
Young Curt,https://en.wikipedia.org/wiki/Young_Curt,404
Young Drac,https://en.wikipedia.org/wiki/Young_Drac,404
,https://en.wikipedia.org/wiki/,200
Young Freq,https://en.wikipedia.org/wiki/Young_Freq,404
Young Greatness,https://en.wikipedia.org/wiki/Young_Greatness,200
Young Grinn,https://en.wikipedia.org/wiki/Young_Grinn,404
Young Icee,https://en.wikipedia.org/wiki/Young_Icee,404
Young Pappy ,https://en.wikipedia.org/wiki/Young_Pappy_,404
Young Prozpekt,https://en.wikipedia.org/wiki/Young_Prozpekt,404
Young Randall ,https://en.wikipedia.org/wiki/Young_Randall_,404
Young Ready,https://en.wikipedia.org/wiki/Young_Ready,404
Young Smoke,https://en.wikipedia.org/wiki/Young_Smoke,200
YPN Boomtown,https://en.wikipedia.org/wiki/YPN_Boomtown,404
YTE Lez,https://en.wikipedia.org/wiki/YTE_Lez,404
Yung Dubz,https://en.wikipedia.org/wiki/Yung_Dubz,404
Yung Hott,https://en.wikipedia.org/wiki/Yung_Hott,404
Yung Kaptin,https://en.wikipedia.org/wiki/Yung_Kaptin,404
Yung LT,https://en.wikipedia.org/wiki/Yung_LT,404
Yung Mazi,https://en.wikipedia.org/wiki/Yung_Mazi,404
Yung Scoop Guala,https://en.wikipedia.org/wiki/Yung_Scoop_Guala,404
Yung Teddy,https://en.wikipedia.org/wiki/Yung_Teddy,404
Yung Theory ,https://en.wikipedia.org/wiki/Yung_Theory_,404
YungN Mizzy ,https://en.wikipedia.org/wiki/YungN_Mizzy_,404
Yus Gz,https://en.wikipedia.org/wiki/Yus_Gz,404
Yusef Afloat ,https://en.wikipedia.org/wiki/Yusef_Afloat_,404
Z,https://en.wikipedia.org/wiki/Z,200
Zed Dibiase,https://en.wikipedia.org/wiki/Zed_Dibiase,404
Zeko ,https://en.wikipedia.org/wiki/Zeko_,200
Zoe Dowdell,https://en.wikipedia.org/wiki/Zoe_Dowdell,404
Zoe Realla,https://en.wikipedia.org/wiki/Zoe_Realla,404
Zoink,https://en.wikipedia.org/wiki/Zoink,200
Zone 7 ,https://en.wikipedia.org/wiki/Zone_7_,200
Zumzy Brown,https://en.wikipedia.org/wiki/Zumzy_Brown,404
